Age,Experience_Years,Salary,Training_Hours,Performance_Score,Department,Promoted
50,15.1,58199.0,82.0,60.0,Marketing,0
36,10.6,42663.0,56.0,43.4,Engineering,0
29,4.0,25000.0,94.0,29.0,Marketing,1
42,10.9,49310.0,37.0,43.6,Marketing,0
40,15.5,50638.0,55.0,46.6,Sales,0
44,9.9,42264.0,13.0,33.8,Marketing,0
32,3.7,25000.0,97.0,38.5,Marketing,0
32,6.5,25000.0,17.0,22.3,Engineering,0
45,20.3,,70.0,69.8,Engineering,1
57,18.4,62773.0,26.0,46.7,HR,0
45,7.8,26373.0,43.0,30.9,Sales,0
24,1.0,25000.0,29.0,,Marketing,0
43,12.7,49793.0,89.0,54.9,Sales,0
23,0.4,25000.0,83.0,38.0,HR,0
45,16.0,47763.0,43.0,42.3,Sales,0
51,26.1,76705.0,52.0,69.9,Marketing,0
59,21.1,72927.0,19.0,48.0,Engineering,1
23,0.5,25000.0,39.0,22.0,Sales,0
42,10.8,38930.0,34.0,33.8,Marketing,0
54,11.8,40333.0,66.0,44.5,HR,0
33,9.1,42546.0,72.0,43.7,Marketing,0
43,11.5,,80.0,50.4,Sales,0
46,12.8,51549.0,56.0,42.3,Marketing,0
48,18.1,62116.0,93.0,54.3,Marketing,0
49,15.3,52741.0,90.0,54.7,Sales,1
37,10.3,36382.0,12.0,26.3,Sales,0
36,4.7,25000.0,55.0,30.4,HR,0
24,1.6,25000.0,45.0,,Marketing,0
58,31.1,90111.0,35.0,65.4,Engineering,1
28,4.1,25000.0,19.0,20.1,Sales,0
42,17.5,66782.0,43.0,,Marketing,0
30,3.1,25000.0,87.0,32.5,Engineering,0
39,10.0,44029.0,17.0,31.7,Engineering,0
25,2.0,25000.0,64.0,27.4,Marketing,0
46,15.6,46542.0,19.0,39.1,Marketing,0
35,7.0,25000.0,66.0,30.8,Marketing,0
30,4.0,25000.0,88.0,45.6,Engineering,0
47,9.4,37782.0,95.0,45.0,Marketing,0
23,0.5,25000.0,54.0,24.7,Sales,0
41,7.6,27434.0,59.0,43.4,Engineering,0
49,20.0,65139.0,73.0,60.1,Sales,0
28,2.6,25000.0,11.0,23.8,Sales,0
29,2.3,25000.0,54.0,30.4,Marketing,0
56,21.5,77902.0,71.0,69.2,Sales,1
35,8.5,29931.0,23.0,27.2,Marketing,0
38,13.2,,83.0,44.7,Engineering,1
57,22.6,73930.0,24.0,55.9,Sales,0
25,1.5,25000.0,23.0,20.0,Marketing,0
23,0.8,25000.0,40.0,23.8,HR,0
27,3.1,,38.0,22.1,Marketing,0
25,1.0,25000.0,36.0,25.7,HR,0
50,17.9,60199.0,94.0,60.6,Marketing,0
39,14.4,46343.0,18.0,36.9,HR,0
47,13.4,,29.0,37.4,Sales,0
55,15.8,62054.0,67.0,51.7,HR,0
31,3.5,,88.0,,Sales,1
57,13.7,59720.0,97.0,63.8,Sales,0
35,7.3,28924.0,58.0,,Marketing,0
52,19.7,62788.0,66.0,49.3,Sales,0
36,4.9,25000.0,25.0,20.0,Engineering,0
29,6.0,25000.0,84.0,29.8,HR,0
35,9.8,37571.0,17.0,33.7,Marketing,0
44,14.3,42478.0,76.0,49.6,Sales,0
42,15.9,48258.0,28.0,33.1,HR,0
37,5.2,30722.0,76.0,37.2,HR,0
39,10.0,31927.0,45.0,39.5,Engineering,0
45,15.6,56814.0,98.0,59.6,HR,0
47,19.9,53535.0,69.0,56.6,Marketing,0
46,18.5,67300.0,45.0,58.9,Marketing,0
50,13.1,41399.0,20.0,27.0,Sales,0
36,12.1,36668.0,60.0,35.5,Sales,0
22,0.0,25000.0,89.0,34.6,Marketing,0
46,19.8,64652.0,64.0,56.4,HR,0
28,5.3,,63.0,34.6,HR,0
30,3.3,25000.0,26.0,23.9,Engineering,0
45,16.9,54316.0,71.0,35.7,Sales,0
22,0.0,25000.0,51.0,20.3,HR,0
29,3.8,25000.0,33.0,20.0,HR,0
45,14.0,51479.0,26.0,40.4,Sales,1
32,6.5,30565.0,57.0,33.0,Marketing,0
38,13.8,,93.0,49.5,HR,0
29,4.9,28564.0,95.0,,Engineering,0
56,20.0,62871.0,79.0,61.1,HR,0
56,26.7,91042.0,16.0,67.5,HR,0
54,27.9,88761.0,23.0,57.5,Engineering,0
26,1.3,25000.0,20.0,20.0,Marketing,0
49,24.0,84608.0,21.0,60.6,Engineering,0
28,2.1,25000.0,14.0,28.4,Engineering,0
30,6.3,30776.0,14.0,31.8,Sales,0
29,3.3,25000.0,29.0,25.3,HR,0
33,4.2,25000.0,63.0,25.6,Marketing,1
55,18.6,67506.0,64.0,62.2,HR,0
54,22.0,75429.0,67.0,61.4,Marketing,0
44,11.6,,88.0,40.8,Engineering,0
45,7.7,35408.0,99.0,32.7,Sales,0
58,23.7,78933.0,39.0,60.9,Engineering,0
56,28.6,89368.0,33.0,63.0,HR,0
43,11.1,39633.0,96.0,46.1,Sales,1
48,11.2,43458.0,82.0,33.9,Sales,0
56,19.2,,12.0,53.0,HR,0
22,0.0,25000.0,57.0,20.0,Marketing,0
56,26.9,90083.0,80.0,81.5,Sales,1
58,28.6,85802.0,31.0,66.0,Marketing,1
35,8.5,27343.0,23.0,21.4,Marketing,0
24,1.0,26082.0,57.0,31.6,Marketing,0
22,0.0,25000.0,,20.0,Sales,0
26,2.5,25000.0,59.0,,Engineering,0
47,19.9,66826.0,89.0,66.3,Sales,1
35,8.8,39536.0,19.0,20.0,Engineering,0
48,20.0,66439.0,80.0,58.1,Sales,0
30,5.3,26331.0,98.0,37.0,Engineering,0
36,7.7,25000.0,36.0,22.9,Engineering,0
36,12.2,46220.0,88.0,55.7,Sales,0
47,15.6,51916.0,37.0,36.4,Marketing,0
34,8.0,33559.0,18.0,22.9,Marketing,0
53,13.4,40824.0,80.0,33.6,Engineering,0
53,20.9,71301.0,89.0,72.9,HR,1
25,1.9,25000.0,35.0,22.4,HR,1
51,11.9,43670.0,90.0,44.9,Sales,0
58,12.1,39122.0,96.0,45.0,Sales,0
44,14.6,52865.0,,41.8,Sales,0
36,10.6,37646.0,11.0,29.0,HR,0
50,17.2,54146.0,66.0,62.5,Marketing,0
57,15.3,62522.0,61.0,56.2,Sales,0
34,8.4,26717.0,67.0,28.9,Sales,0
53,10.8,27744.0,12.0,20.0,Marketing,0
28,3.4,25000.0,17.0,20.0,Engineering,0
43,8.4,25067.0,68.0,22.8,Sales,0
49,11.1,38125.0,11.0,27.8,HR,0
23,0.4,25000.0,71.0,34.8,HR,0
27,2.7,25000.0,58.0,25.2,Sales,0
49,8.9,34481.0,29.0,24.8,HR,0
49,14.5,43924.0,38.0,44.5,Marketing,0
41,11.5,41862.0,26.0,26.0,Engineering,0
51,17.1,51906.0,83.0,40.9,Engineering,0
32,5.3,25000.0,31.0,20.0,Sales,0
49,21.7,74760.0,15.0,45.1,Sales,0
46,9.3,40962.0,71.0,43.4,Engineering,1
54,19.3,64041.0,40.0,48.9,Engineering,0
22,0.0,25000.0,71.0,,Sales,0
48,8.9,37446.0,,34.9,HR,0
34,7.7,25971.0,21.0,20.0,Sales,0
24,1.3,25000.0,72.0,34.9,Marketing,0
27,4.1,25000.0,25.0,29.2,Sales,0
29,4.4,25000.0,34.0,21.2,Sales,0
48,22.8,71566.0,31.0,57.6,Sales,0
30,2.6,26543.0,97.0,35.9,Sales,0
58,12.9,56180.0,85.0,59.1,Sales,0
54,10.4,45031.0,27.0,27.6,Sales,0
45,9.5,36630.0,54.0,27.0,HR,0
36,8.7,28902.0,89.0,35.1,Sales,0
53,21.3,73862.0,77.0,60.2,Engineering,0
53,10.1,40003.0,21.0,28.3,Sales,0
45,20.0,69342.0,58.0,56.7,HR,0
33,8.9,34154.0,42.0,34.8,Marketing,0
23,0.5,25000.0,95.0,,Engineering,0
24,0.7,25000.0,72.0,26.9,Sales,0
58,14.5,49052.0,27.0,36.3,Sales,0
38,6.0,25000.0,63.0,25.4,Engineering,0
23,0.4,25000.0,36.0,20.0,Sales,0
23,0.6,,92.0,27.0,HR,0
49,12.1,40221.0,87.0,44.6,Sales,0
44,11.3,37344.0,34.0,28.9,Marketing,0
58,32.2,100588.0,43.0,80.5,HR,1
53,22.0,,97.0,58.6,Sales,0
54,27.8,83801.0,69.0,67.0,Marketing,1
22,0.0,25000.0,63.0,38.3,Engineering,0
40,9.5,25000.0,96.0,31.2,HR,0
23,0.6,25000.0,14.0,20.0,Sales,0
47,8.7,41758.0,45.0,30.8,Sales,0
53,9.4,36703.0,63.0,30.3,Engineering,0
27,3.5,25000.0,97.0,43.8,Engineering,0
53,21.2,63860.0,45.0,52.4,HR,0
25,1.6,25000.0,78.0,32.9,HR,0
32,5.9,26050.0,48.0,20.0,HR,0
38,8.8,31929.0,79.0,38.9,Sales,0
59,11.6,43254.0,13.0,37.2,Sales,0
45,11.5,,83.0,45.8,HR,0
26,1.6,25000.0,74.0,34.8,Sales,0
55,11.8,50189.0,94.0,46.6,Engineering,0
27,4.4,25544.0,49.0,28.4,Marketing,0
43,13.9,42097.0,46.0,40.6,Sales,0
32,7.4,34928.0,76.0,29.5,HR,0
37,7.3,29067.0,40.0,21.8,Sales,1
54,17.1,59083.0,90.0,61.8,Engineering,0
30,3.5,25000.0,96.0,40.2,HR,0
27,1.8,25000.0,86.0,26.1,Marketing,1
37,6.1,25000.0,56.0,31.8,HR,0
50,21.8,73024.0,36.0,56.4,HR,0
24,1.4,25000.0,60.0,32.6,HR,0
41,11.9,40249.0,29.0,29.5,Sales,0
57,20.5,71463.0,22.0,55.3,Marketing,0
40,15.4,54635.0,72.0,55.0,Engineering,0
47,8.6,28040.0,53.0,27.5,Sales,0
24,0.9,25000.0,33.0,,Marketing,0
40,9.2,25000.0,12.0,20.0,Marketing,0
41,14.6,48182.0,19.0,44.2,Sales,0
53,27.8,83536.0,74.0,69.9,HR,1
28,2.7,,58.0,23.7,Marketing,0
54,26.4,76835.0,67.0,61.0,Engineering,1
39,13.6,43593.0,86.0,46.9,Sales,0
22,0.0,25000.0,87.0,37.8,Marketing,0
32,5.4,25888.0,11.0,20.0,Engineering,0
49,14.7,51008.0,75.0,58.2,Engineering,0
46,21.3,67486.0,40.0,54.5,Engineering,0
44,9.0,28233.0,77.0,36.6,Engineering,0
52,23.4,76090.0,92.0,68.6,Sales,1
51,14.5,59814.0,46.0,49.2,Engineering,0
56,25.1,78625.0,82.0,68.1,Sales,1
28,3.3,,33.0,28.4,Engineering,0
37,9.7,30997.0,86.0,37.8,Engineering,0
47,20.0,63716.0,53.0,56.9,Sales,0
23,0.8,25000.0,92.0,32.9,HR,0
22,0.0,25000.0,50.0,27.6,Marketing,0
33,3.7,25000.0,83.0,29.2,Marketing,0
26,2.9,25000.0,60.0,34.7,Sales,0
58,13.8,47891.0,51.0,38.0,Engineering,1
53,17.0,58705.0,,54.9,Sales,0
30,5.0,26119.0,49.0,25.6,Engineering,0
56,18.4,70198.0,57.0,56.4,Sales,0
40,11.0,38829.0,93.0,48.1,Marketing,0
37,13.5,38027.0,13.0,26.4,Sales,0
24,0.8,25000.0,69.0,37.4,Marketing,0
41,13.4,54724.0,48.0,42.0,Marketing,0
45,12.4,36386.0,14.0,27.9,Marketing,1
54,12.2,41927.0,15.0,27.1,Sales,0
45,9.1,39305.0,23.0,32.9,HR,0
32,8.7,32118.0,79.0,37.1,Sales,0
29,5.8,25000.0,87.0,33.3,Sales,0
57,29.5,91951.0,21.0,71.4,HR,1
59,33.1,105338.0,71.0,81.2,HR,1
41,8.1,32058.0,36.0,31.5,Marketing,0
56,17.5,59620.0,63.0,48.5,Engineering,0
46,16.8,58745.0,99.0,59.5,Engineering,0
56,20.1,65697.0,21.0,42.0,Marketing,0
46,13.2,,17.0,35.1,Sales,0
50,14.4,61134.0,83.0,56.9,Engineering,0
39,11.2,35235.0,25.0,37.6,Sales,0
39,11.0,32950.0,61.0,34.7,HR,0
23,0.4,25000.0,35.0,31.9,HR,0
56,19.8,59872.0,17.0,44.4,Marketing,1
37,9.5,,54.0,27.8,Sales,0
57,22.5,63104.0,93.0,68.4,Marketing,1
54,13.6,48289.0,90.0,52.4,Engineering,0
25,2.2,25000.0,28.0,20.0,Engineering,1
54,10.1,38863.0,26.0,33.5,Engineering,0
35,6.7,34202.0,74.0,36.1,Sales,0
42,15.4,57679.0,38.0,36.1,Marketing,0
41,12.1,52194.0,23.0,44.1,Marketing,0
29,3.2,25000.0,26.0,27.3,Engineering,0
28,4.3,25069.0,22.0,30.3,Marketing,0
24,1.3,25000.0,72.0,33.2,HR,0
38,12.4,43442.0,42.0,36.1,HR,0
54,23.7,73113.0,38.0,60.5,HR,0
33,7.3,25000.0,46.0,30.1,HR,0
43,12.5,47336.0,92.0,58.1,Marketing,0
43,8.0,38671.0,,36.6,HR,0
51,13.2,40672.0,33.0,32.9,HR,0
59,20.4,68652.0,23.0,46.8,HR,0
59,24.4,83658.0,14.0,61.3,HR,0
29,4.3,25000.0,62.0,21.3,HR,0
48,12.3,51116.0,97.0,57.4,Sales,0
48,7.9,33449.0,39.0,,Sales,0
55,19.7,63124.0,69.0,58.8,HR,0
42,9.4,42351.0,82.0,45.3,HR,0
51,21.5,64381.0,37.0,,Marketing,0
54,10.1,37825.0,35.0,,HR,0
49,17.6,54222.0,,38.5,Engineering,1
54,27.7,79737.0,45.0,,Sales,0
26,1.6,25000.0,17.0,20.0,HR,0
40,10.5,35685.0,27.0,31.9,Sales,0
25,1.1,25000.0,93.0,,HR,0
56,23.0,65627.0,67.0,62.6,Engineering,0
38,10.1,31037.0,41.0,35.5,HR,0
49,14.7,,58.0,41.7,Sales,0
51,17.8,67148.0,57.0,55.2,Sales,0
50,23.5,75643.0,91.0,,Sales,1
27,2.1,25000.0,80.0,37.1,Marketing,0
56,10.7,36102.0,74.0,46.9,Sales,0
58,29.4,87661.0,42.0,58.4,HR,0
45,14.9,50538.0,59.0,43.9,Engineering,0
50,23.4,61712.0,13.0,42.4,Engineering,0
52,19.7,58783.0,93.0,50.8,HR,0
56,26.7,79862.0,45.0,59.8,Marketing,1
54,17.8,59413.0,37.0,49.1,HR,0
42,15.0,49828.0,12.0,34.2,Sales,0
53,26.3,78596.0,15.0,47.7,Marketing,0
44,14.2,51229.0,54.0,,HR,0
54,13.1,49574.0,32.0,40.8,Marketing,0
24,0.9,,16.0,20.4,Engineering,0
39,7.1,32669.0,70.0,,HR,0
46,10.8,43610.0,74.0,45.2,HR,0
52,14.5,44581.0,15.0,31.9,Engineering,0
24,1.3,25000.0,33.0,20.0,Marketing,0
45,15.0,55451.0,46.0,40.8,Engineering,0
53,17.2,64187.0,54.0,57.6,Marketing,0
43,14.1,50005.0,60.0,55.1,HR,0
44,7.7,31284.0,97.0,42.1,Marketing,0
23,0.4,25000.0,54.0,33.0,Marketing,0
48,10.5,44689.0,72.0,43.4,Sales,0
23,0.6,25000.0,38.0,,Sales,0
47,10.7,41993.0,34.0,40.3,Sales,0
38,7.5,28901.0,19.0,31.4,Engineering,0
54,17.3,52766.0,44.0,50.5,Engineering,0
30,6.3,25000.0,64.0,24.1,Sales,0
50,8.6,33114.0,34.0,28.5,HR,0
47,17.2,53730.0,54.0,48.0,HR,0
56,23.8,83469.0,21.0,58.5,HR,0
46,18.7,65308.0,13.0,48.1,Engineering,0
45,19.8,54533.0,99.0,60.3,Marketing,0
34,3.7,25000.0,76.0,36.9,Engineering,0
28,2.4,25000.0,26.0,30.3,Sales,0
57,29.1,86647.0,82.0,72.5,Marketing,1
41,10.9,41137.0,74.0,35.4,HR,0
22,0.0,25000.0,91.0,36.7,Engineering,0
29,4.9,25743.0,62.0,,Engineering,0
37,10.6,37380.0,93.0,41.1,Sales,0
35,11.2,36797.0,66.0,41.2,HR,0
33,9.9,34578.0,37.0,33.9,Engineering,0
44,16.1,51362.0,25.0,40.2,Engineering,0
36,6.6,25000.0,30.0,22.7,Marketing,0
49,22.4,70760.0,86.0,59.8,Engineering,0
55,10.9,42146.0,51.0,26.9,Marketing,0
23,0.4,25000.0,63.0,23.7,Engineering,0
53,26.0,86387.0,41.0,63.8,HR,0
44,10.0,41547.0,47.0,42.6,Sales,0
43,9.1,47844.0,79.0,47.2,HR,0
46,9.2,40974.0,47.0,34.1,Sales,0
43,17.1,52433.0,63.0,43.1,Engineering,0
43,12.6,39871.0,69.0,43.7,HR,0
27,3.5,25000.0,86.0,40.7,Marketing,0
36,6.2,25000.0,86.0,39.2,Sales,0
58,27.2,85944.0,56.0,71.5,Sales,1
54,24.2,69006.0,21.0,42.8,Engineering,1
29,3.4,25000.0,62.0,27.3,Sales,0
26,2.2,25000.0,42.0,34.8,Sales,0
25,1.3,25000.0,37.0,29.7,Sales,0
27,4.4,25000.0,12.0,20.0,Engineering,0
53,21.3,70383.0,91.0,64.8,HR,0
51,25.0,84296.0,35.0,65.0,Engineering,1
56,16.4,53497.0,63.0,44.5,Marketing,0
37,11.5,35411.0,49.0,21.9,Sales,0
34,9.1,36510.0,75.0,39.8,Sales,0
51,20.7,62205.0,77.0,52.9,HR,0
40,15.8,50334.0,98.0,49.2,Sales,0
38,8.6,40279.0,99.0,44.9,HR,0
40,6.8,25000.0,56.0,27.2,Sales,0
49,19.0,69922.0,11.0,48.8,Sales,0
47,18.4,58421.0,51.0,44.7,Engineering,0
58,23.2,69794.0,43.0,54.0,Engineering,0
47,10.6,,30.0,26.3,Marketing,0
44,13.3,46989.0,53.0,43.5,HR,0
30,3.9,25000.0,96.0,21.6,Marketing,0
33,6.1,25000.0,11.0,20.0,Engineering,0
22,0.0,25000.0,68.0,34.9,HR,0
22,0.0,25000.0,95.0,30.4,Engineering,1
55,14.5,53844.0,25.0,44.5,HR,1
53,16.8,,29.0,54.5,Sales,0
46,11.1,,35.0,20.0,Marketing,0
22,0.0,25000.0,25.0,20.9,Marketing,0
37,11.6,35727.0,79.0,25.2,HR,0
26,3.4,25000.0,32.0,22.5,Marketing,0
43,11.0,30136.0,51.0,30.3,Engineering,0
50,21.0,61596.0,46.0,37.9,Marketing,0
24,1.7,25000.0,81.0,42.5,HR,0
33,8.9,37896.0,15.0,29.7,Marketing,0
47,10.2,,46.0,26.3,Marketing,0
37,13.1,45322.0,31.0,43.7,Engineering,0
58,18.9,65748.0,15.0,37.9,Sales,0
43,10.6,47760.0,41.0,33.9,Engineering,0
50,9.4,41355.0,26.0,21.3,Marketing,0
35,7.7,32893.0,47.0,40.3,Marketing,0
49,9.9,42947.0,,35.5,Sales,0
26,1.8,25000.0,46.0,29.2,Sales,0
51,14.2,47936.0,32.0,39.9,Engineering,0
26,3.1,,58.0,31.1,Sales,0
33,9.1,25000.0,70.0,31.1,Engineering,0
37,7.2,25688.0,58.0,30.1,HR,0
47,20.4,58446.0,70.0,53.5,Marketing,0
47,20.4,66271.0,86.0,58.3,Sales,0
42,15.2,48492.0,41.0,40.3,HR,0
57,13.6,54230.0,95.0,56.5,HR,0
54,22.9,72905.0,72.0,63.6,Engineering,0
51,25.1,70320.0,16.0,42.7,Engineering,0
58,25.5,73651.0,31.0,48.6,Sales,0
44,11.0,40670.0,94.0,51.3,Engineering,0
31,5.4,25000.0,15.0,20.0,HR,0
26,2.7,25000.0,70.0,33.6,HR,0
57,21.2,74792.0,23.0,49.0,Marketing,0
55,12.3,51045.0,25.0,31.7,HR,0
52,14.6,61089.0,,38.9,Sales,0
31,7.0,25218.0,18.0,20.0,Marketing,0
40,14.7,45544.0,56.0,38.2,Engineering,0
53,11.9,47741.0,94.0,57.1,Marketing,0
22,0.0,25000.0,51.0,27.8,HR,0
26,2.0,25000.0,51.0,36.1,Sales,0
25,2.1,25000.0,,25.1,Engineering,0
37,11.3,47614.0,12.0,22.1,Engineering,0
45,18.1,62270.0,10.0,48.8,HR,0
37,13.0,47644.0,76.0,39.4,Sales,0
23,0.5,25000.0,80.0,33.8,HR,0
49,22.0,74213.0,12.0,48.0,HR,0
53,11.7,39493.0,58.0,48.6,Sales,0
48,18.8,65837.0,76.0,66.3,HR,1
41,14.2,52871.0,64.0,44.3,Sales,0
45,16.3,57509.0,13.0,40.3,Sales,0
33,5.0,25000.0,40.0,25.9,HR,0
56,28.0,89532.0,75.0,79.0,HR,1
54,12.8,48099.0,87.0,49.6,Marketing,0
54,10.6,37810.0,73.0,34.7,Engineering,0
58,26.3,79502.0,40.0,57.4,Engineering,1
33,6.4,29419.0,72.0,34.0,Sales,0
24,1.6,,75.0,37.8,Marketing,0
22,0.0,25000.0,40.0,26.8,Sales,0
54,12.8,51967.0,56.0,42.0,Marketing,0
31,7.2,27969.0,31.0,28.1,Sales,0
50,17.6,61886.0,83.0,55.9,Engineering,0
34,5.0,25000.0,92.0,39.5,Marketing,0
33,8.1,32897.0,55.0,45.6,HR,0
52,18.2,57800.0,98.0,56.3,HR,0
23,0.7,25000.0,67.0,34.1,Engineering,1
56,19.6,63273.0,70.0,52.5,Marketing,0
44,17.5,63760.0,55.0,52.9,HR,0
38,12.8,41578.0,10.0,29.9,HR,0
47,18.1,70357.0,34.0,52.7,HR,0
29,2.5,25000.0,70.0,43.0,Engineering,0
50,22.5,63519.0,90.0,58.8,Sales,0
47,17.6,64721.0,23.0,50.7,HR,0
31,6.5,33428.0,54.0,23.4,HR,0
47,12.9,42033.0,86.0,47.4,Sales,0
55,27.3,85094.0,48.0,72.0,HR,1
28,4.4,25000.0,75.0,,Marketing,0
25,1.1,25000.0,41.0,20.0,HR,0
32,5.4,25000.0,67.0,29.9,Sales,0
50,23.3,73305.0,65.0,62.0,Engineering,0
57,11.5,38443.0,15.0,32.2,Engineering,1
46,21.0,64577.0,98.0,72.7,Marketing,0
42,14.1,47912.0,76.0,45.2,HR,0
57,23.8,77116.0,91.0,65.3,HR,1
31,4.2,25000.0,59.0,22.6,Sales,0
58,16.2,61668.0,47.0,51.5,Sales,0
30,6.9,26897.0,12.0,22.7,Marketing,0
45,11.0,35723.0,14.0,23.9,Marketing,0
56,26.0,90795.0,,,HR,1
56,18.2,60567.0,63.0,55.3,HR,0
57,13.4,49192.0,43.0,41.6,Marketing,0
39,5.2,27909.0,48.0,23.7,Engineering,0
53,19.4,,97.0,66.2,Engineering,1
45,20.4,67905.0,57.0,44.5,Engineering,0
44,11.5,46081.0,58.0,43.5,Engineering,0
53,15.9,50642.0,43.0,42.5,Marketing,0
58,18.2,63335.0,89.0,61.0,Sales,0
33,6.7,25000.0,16.0,22.4,Engineering,0
34,6.8,30721.0,27.0,27.8,Marketing,0
44,18.2,62685.0,79.0,57.0,Engineering,0
46,14.5,58216.0,43.0,47.7,HR,0
56,20.6,57508.0,60.0,43.3,Engineering,1
51,11.1,39897.0,77.0,39.1,Marketing,0
38,14.2,53401.0,23.0,40.5,HR,0
41,8.5,26542.0,78.0,29.6,HR,0
46,8.3,38578.0,98.0,49.6,Engineering,0
43,14.7,55320.0,17.0,37.0,Engineering,0
34,7.9,29808.0,24.0,25.8,HR,0
40,9.9,29643.0,,38.7,Sales,0
57,19.4,64992.0,68.0,60.7,Marketing,0
33,8.5,38443.0,20.0,,Marketing,0
40,7.5,38445.0,,34.9,Marketing,0
33,8.7,32689.0,64.0,24.1,Marketing,0
30,5.5,25000.0,45.0,31.6,Marketing,0
28,3.3,25342.0,91.0,42.7,HR,0
49,15.5,,23.0,,Marketing,0
35,5.9,25000.0,67.0,31.2,Sales,0
52,22.5,73563.0,47.0,54.0,Sales,1
40,10.9,40734.0,98.0,37.0,Engineering,0
37,7.4,26416.0,89.0,31.7,Engineering,0
26,2.6,25000.0,91.0,32.2,Engineering,0
56,30.5,98581.0,10.0,65.9,Engineering,1
33,6.2,25000.0,74.0,26.7,HR,0
46,20.5,71091.0,10.0,45.7,Sales,0
42,10.1,29073.0,94.0,38.1,HR,0
57,11.6,57191.0,69.0,48.1,Sales,0
44,9.3,36737.0,34.0,34.0,HR,0
37,8.3,37215.0,19.0,32.0,Sales,0
35,5.6,25593.0,59.0,40.8,Engineering,0
52,9.0,33982.0,21.0,32.5,Sales,0
26,3.4,25000.0,41.0,26.1,Engineering,1
56,27.4,75753.0,42.0,55.8,Sales,0
44,16.4,57642.0,81.0,56.1,HR,0
50,11.2,43969.0,35.0,37.9,Marketing,0
32,3.7,25000.0,,24.3,Sales,0
39,5.8,29963.0,59.0,35.7,HR,0
33,8.1,30338.0,70.0,27.2,Marketing,1
30,6.9,29284.0,50.0,28.3,HR,0
31,5.0,26612.0,66.0,33.7,Marketing,0
38,5.9,25000.0,,20.0,Engineering,0
59,22.5,69773.0,79.0,61.3,Sales,0
28,3.1,25000.0,40.0,24.0,HR,0
34,6.3,26563.0,32.0,,Sales,0
30,5.4,,85.0,39.5,Engineering,0
48,19.0,55282.0,63.0,44.4,Engineering,0
23,0.4,25000.0,37.0,,Sales,0
26,1.3,25000.0,88.0,36.3,HR,0
50,25.1,,28.0,45.7,HR,0
58,15.8,,85.0,60.3,HR,0
59,12.3,38585.0,57.0,32.6,Sales,0
40,7.5,35571.0,11.0,32.9,HR,0
29,2.3,,20.0,,HR,0
22,0.0,25000.0,53.0,24.0,Marketing,0
43,16.4,51286.0,68.0,41.7,HR,0
38,8.1,34164.0,68.0,29.6,Engineering,0
28,3.4,25000.0,47.0,34.0,HR,0
46,16.9,51121.0,34.0,43.6,Sales,0
25,1.8,25000.0,30.0,23.4,Sales,0
57,28.6,93254.0,51.0,69.1,HR,1
27,4.1,25000.0,45.0,30.2,Sales,0
52,9.2,35910.0,18.0,23.4,Sales,0
40,13.8,51177.0,21.0,42.3,HR,0
48,15.0,54442.0,19.0,35.7,Marketing,0
31,8.0,25000.0,68.0,27.0,Marketing,0
47,14.7,49013.0,14.0,39.3,Marketing,0
40,16.1,56345.0,42.0,50.3,Marketing,0
24,1.5,25000.0,78.0,35.3,Engineering,0
34,5.4,29130.0,89.0,32.0,HR,0
49,16.8,54992.0,72.0,48.8,Sales,0
41,17.0,49801.0,38.0,41.6,Sales,0
49,22.0,80668.0,27.0,54.9,HR,1
29,2.5,25000.0,15.0,26.5,Sales,0
22,0.0,25000.0,62.0,20.0,Engineering,0
24,1.0,25000.0,91.0,31.0,Marketing,0
34,3.7,25000.0,41.0,22.3,HR,0
49,14.6,54432.0,51.0,32.3,Sales,0
46,10.6,51856.0,56.0,38.8,Engineering,0
54,25.3,78862.0,40.0,63.7,Sales,0
59,18.6,59835.0,,54.2,Engineering,0
27,4.0,25000.0,65.0,37.5,Sales,0
53,9.3,37550.0,20.0,36.8,Marketing,0
42,9.7,36509.0,35.0,33.5,HR,0
37,6.7,25000.0,36.0,25.4,Marketing,0
42,8.8,38520.0,92.0,44.4,Marketing,0
32,3.4,25000.0,66.0,20.0,Sales,0
58,14.8,48081.0,36.0,32.3,Marketing,0
57,22.2,77440.0,68.0,65.7,HR,1
56,16.1,52993.0,71.0,52.6,Engineering,0
40,9.9,30836.0,,27.8,Engineering,0
41,10.0,37737.0,12.0,23.1,Sales,0
39,14.0,37911.0,25.0,35.0,HR,0
35,11.0,40948.0,53.0,45.3,HR,0
36,8.3,25000.0,88.0,39.0,Engineering,0
52,14.9,47703.0,39.0,44.5,Engineering,0
22,0.0,25000.0,49.0,23.7,Marketing,0
24,1.7,25000.0,74.0,36.8,Sales,0
37,5.0,25000.0,38.0,25.0,Engineering,0
44,10.5,45818.0,39.0,40.9,Engineering,0
32,4.8,25000.0,41.0,,HR,1
33,5.4,,19.0,21.3,HR,0
31,3.6,25000.0,60.0,24.4,HR,0
53,23.9,78043.0,17.0,55.0,Engineering,0
37,5.6,25000.0,60.0,33.6,Sales,0
29,4.8,25000.0,45.0,23.5,Marketing,0
59,13.8,65768.0,64.0,61.1,Sales,0
33,3.8,25000.0,44.0,29.2,Engineering,0
45,19.5,77182.0,45.0,59.0,Marketing,0
49,11.2,51245.0,65.0,54.1,Sales,0
29,5.5,25045.0,45.0,23.9,Engineering,0
49,16.9,58436.0,98.0,66.1,Sales,1
57,12.1,45026.0,93.0,50.8,Engineering,0
47,21.8,68155.0,70.0,59.4,HR,0
29,3.1,25000.0,71.0,26.4,Sales,0
49,22.0,69382.0,90.0,63.8,HR,0
49,10.8,34889.0,96.0,41.4,HR,0
58,29.2,83321.0,34.0,56.1,Marketing,0
57,10.8,50605.0,73.0,47.2,Marketing,1
48,15.8,45838.0,69.0,,Sales,0
38,12.2,46331.0,66.0,47.0,Engineering,0
30,6.9,25000.0,79.0,39.0,Marketing,0
54,27.1,87098.0,61.0,64.1,Marketing,0
41,15.0,48762.0,65.0,54.1,HR,0
34,10.0,,72.0,41.6,HR,1
49,11.3,41290.0,77.0,38.1,Engineering,0
50,13.2,37952.0,29.0,34.9,Marketing,1
34,5.7,25000.0,63.0,27.0,Marketing,0
56,17.9,62348.0,10.0,43.2,Engineering,0
27,2.7,25000.0,,34.4,Marketing,0
39,10.7,41326.0,19.0,27.3,Sales,0
26,1.6,25000.0,32.0,26.7,Sales,0
46,17.2,50483.0,60.0,44.2,Engineering,0
23,0.4,25000.0,33.0,20.0,HR,0
31,4.4,25000.0,22.0,23.8,Engineering,0
51,17.5,56428.0,38.0,39.2,Sales,0
26,3.1,27581.0,67.0,26.0,Marketing,0
54,23.8,81976.0,52.0,71.0,Marketing,1
22,0.0,25000.0,19.0,20.0,HR,0
39,6.7,30680.0,40.0,20.0,HR,0
53,19.5,66149.0,83.0,63.8,Sales,0
32,3.5,25000.0,97.0,34.5,HR,1
42,10.5,39666.0,23.0,30.0,Engineering,0
47,13.7,48551.0,43.0,39.4,Sales,0
46,7.8,25000.0,26.0,23.0,Marketing,0
43,9.8,35554.0,30.0,25.9,Marketing,0
48,22.7,69948.0,76.0,69.2,Marketing,1
34,10.5,32705.0,67.0,27.8,HR,0
54,16.4,54420.0,88.0,56.1,Sales,0
55,10.8,,17.0,36.6,HR,0
56,13.9,55388.0,47.0,42.5,Engineering,0
22,0.0,25000.0,35.0,20.0,Sales,0
42,17.4,,73.0,59.6,HR,0
27,1.9,25000.0,39.0,20.0,Marketing,0
49,20.5,64451.0,18.0,43.5,Marketing,1
38,5.8,28527.0,41.0,31.7,Engineering,0
26,3.6,25000.0,20.0,20.8,Engineering,0
52,15.9,53428.0,95.0,45.6,Engineering,0
26,3.1,25000.0,43.0,34.0,Marketing,0
59,18.7,72107.0,27.0,50.8,HR,0
24,1.4,,,20.3,Marketing,0
44,9.1,,63.0,33.4,Marketing,0
58,14.0,55373.0,,58.2,Marketing,0
58,31.1,99699.0,46.0,85.5,HR,1
31,7.7,28102.0,91.0,28.6,Marketing,0
31,7.5,31501.0,21.0,29.3,Engineering,0
40,12.2,30021.0,13.0,26.3,Engineering,0
38,12.6,29403.0,52.0,29.3,Engineering,0
42,6.8,25000.0,36.0,27.8,Engineering,0
35,6.5,27495.0,60.0,35.0,Marketing,0
30,3.9,26411.0,14.0,20.0,Marketing,0
22,0.0,25000.0,15.0,28.4,Marketing,0
34,6.2,25000.0,86.0,26.1,Engineering,0
25,1.2,25000.0,96.0,30.2,HR,0
22,0.0,25000.0,65.0,28.4,Sales,0
53,24.4,74154.0,98.0,78.7,Sales,1
55,17.5,58143.0,77.0,52.6,Sales,0
49,10.2,46774.0,53.0,41.6,HR,0
52,12.5,52431.0,24.0,46.9,Marketing,0
29,3.1,25000.0,99.0,35.0,Sales,0
47,12.0,52372.0,51.0,39.2,Sales,0
55,22.6,75545.0,20.0,52.3,Marketing,0
24,1.3,25000.0,82.0,39.9,Sales,0
33,7.9,25347.0,20.0,21.3,Marketing,0
22,0.0,25000.0,75.0,41.3,Sales,0
26,3.2,25000.0,36.0,27.6,Marketing,0
51,12.3,45616.0,67.0,40.6,Engineering,0
51,16.9,,99.0,58.6,HR,0
38,12.5,44271.0,81.0,41.4,Sales,0
44,9.0,45566.0,30.0,33.0,Marketing,0
36,5.1,27156.0,30.0,46.5,Engineering,0
58,29.9,89576.0,81.0,81.0,Marketing,1
42,10.1,37834.0,10.0,31.5,Sales,1
35,9.2,41025.0,67.0,37.6,Sales,0
23,0.3,25000.0,22.0,28.9,Sales,0
32,7.1,34809.0,82.0,45.1,Sales,0
59,18.1,60537.0,15.0,52.8,Sales,0
55,11.0,40442.0,96.0,55.3,Engineering,0
59,24.6,75715.0,67.0,56.5,Marketing,0
55,14.7,51240.0,26.0,33.8,Marketing,0
39,9.0,28884.0,82.0,30.6,Sales,0
51,10.1,42026.0,21.0,27.5,Marketing,0
36,5.4,25862.0,95.0,37.9,Engineering,0
48,12.4,52094.0,61.0,44.1,Sales,0
55,11.7,36949.0,85.0,52.0,HR,0
59,31.3,91229.0,79.0,86.1,Engineering,1
54,9.7,44478.0,82.0,46.0,Sales,0
45,13.6,,61.0,54.3,Marketing,0
36,5.2,25000.0,46.0,33.3,Engineering,0
51,14.1,56869.0,12.0,38.1,Sales,0
38,13.7,40600.0,17.0,20.4,Marketing,0
26,1.6,25000.0,19.0,20.0,Marketing,0
50,24.6,72267.0,56.0,56.2,Sales,0
25,1.3,25000.0,50.0,27.7,Engineering,0
31,6.7,26714.0,73.0,32.9,Sales,0
38,10.0,33786.0,51.0,33.0,Sales,0
31,7.5,25000.0,52.0,29.7,Sales,0
38,10.1,,18.0,20.0,Sales,0
41,11.8,41711.0,23.0,34.5,Sales,0
45,9.6,33507.0,13.0,22.7,Marketing,0
26,1.6,25000.0,11.0,20.0,Sales,0
55,28.0,88796.0,94.0,82.8,Engineering,0
27,2.5,25000.0,10.0,20.0,HR,0
23,0.5,25000.0,84.0,32.1,Sales,0
34,9.1,33877.0,,36.8,Engineering,0
32,5.0,25000.0,55.0,25.1,HR,0
44,19.2,67851.0,68.0,63.3,Engineering,0
37,11.1,40441.0,84.0,40.2,Marketing,0
52,19.8,70578.0,16.0,47.5,Marketing,0
32,8.3,33403.0,75.0,33.7,HR,0
37,4.9,25000.0,24.0,26.9,HR,0
29,3.2,25000.0,81.0,30.4,HR,0
25,1.7,25000.0,56.0,30.2,Marketing,0
25,1.3,25000.0,99.0,46.3,Marketing,0
46,17.9,68189.0,49.0,54.9,Engineering,0
24,1.7,25000.0,51.0,32.4,Marketing,1
53,17.2,59176.0,60.0,59.8,HR,0
24,1.0,25000.0,44.0,30.6,Sales,0
48,22.8,71111.0,50.0,57.3,Sales,0
50,15.9,62970.0,94.0,64.0,HR,0
53,18.4,55161.0,66.0,43.5,Marketing,0
40,9.2,38390.0,47.0,31.1,HR,0
42,16.9,58191.0,81.0,52.0,Marketing,0
26,2.6,25000.0,17.0,31.3,Sales,0
39,12.9,44260.0,83.0,42.0,Engineering,0
49,21.3,72408.0,72.0,58.5,Marketing,0
43,10.6,38154.0,96.0,,Engineering,0
42,11.2,36593.0,13.0,29.8,Sales,0
27,4.0,25000.0,57.0,28.8,Engineering,0
22,0.0,25000.0,61.0,34.3,Engineering,0
26,3.1,25000.0,47.0,29.4,HR,0
33,9.5,35207.0,96.0,35.8,Engineering,0
47,16.8,55059.0,14.0,35.5,Sales,0
55,24.6,78990.0,94.0,78.3,Marketing,1
35,10.2,42174.0,79.0,42.9,Engineering,0
47,20.2,62013.0,90.0,65.3,Marketing,1
48,14.0,61101.0,,59.6,HR,0
30,2.6,25000.0,33.0,20.0,Sales,0
47,13.5,,95.0,48.7,Sales,1
43,14.8,,86.0,44.9,Marketing,0
51,16.5,51509.0,26.0,36.7,Sales,0
38,12.0,41271.0,87.0,45.9,HR,0
47,12.9,35542.0,99.0,46.1,Marketing,1
57,23.8,82879.0,92.0,65.7,Sales,1
22,0.0,,35.0,23.6,HR,0
29,5.2,25000.0,12.0,20.0,HR,0
56,21.3,64330.0,11.0,41.8,Engineering,0
36,5.9,25000.0,11.0,20.0,Sales,0
43,10.0,35039.0,31.0,26.8,Marketing,0
35,9.7,44378.0,80.0,52.5,Engineering,0
47,14.7,45334.0,13.0,38.8,Marketing,0
49,11.6,48271.0,47.0,47.5,Engineering,0
44,19.4,67502.0,93.0,61.1,HR,0
35,9.5,25000.0,79.0,27.7,Engineering,0
45,20.1,60673.0,,57.3,Engineering,0
23,0.6,25000.0,61.0,28.1,Engineering,0
47,14.6,44026.0,40.0,34.3,Sales,0
35,10.9,43741.0,35.0,30.3,Engineering,0
28,3.7,25000.0,45.0,25.5,HR,0
24,1.4,25000.0,35.0,21.6,Marketing,0
44,9.9,38297.0,37.0,,Sales,0
39,9.7,37663.0,14.0,31.2,HR,0
59,13.8,47422.0,83.0,53.7,Sales,0
56,14.4,51498.0,27.0,33.4,Marketing,0
36,4.2,25000.0,24.0,23.5,Marketing,0
46,7.8,34184.0,66.0,32.4,Marketing,0
58,31.9,98896.0,14.0,62.6,Sales,0
49,12.0,41107.0,46.0,34.5,Sales,0
31,6.3,28211.0,95.0,43.2,Marketing,0
38,12.9,,95.0,46.7,Marketing,0
43,13.2,37996.0,31.0,39.4,HR,0
47,9.8,35943.0,61.0,38.9,Marketing,0
46,17.7,53572.0,24.0,38.5,Engineering,0
38,10.6,33358.0,26.0,33.2,Sales,0
34,8.9,30068.0,60.0,34.3,HR,0
41,14.5,51617.0,54.0,40.5,Sales,0
46,21.2,63666.0,72.0,66.1,Marketing,1
25,1.9,25000.0,37.0,25.4,Engineering,0
31,4.5,25000.0,68.0,30.4,Marketing,0
24,1.4,25000.0,95.0,31.4,Sales,0
39,5.8,,30.0,28.6,HR,0
57,29.3,94674.0,51.0,75.9,Sales,1
43,7.8,33149.0,90.0,43.2,HR,0
55,16.4,60244.0,78.0,53.2,Engineering,0
29,5.5,,91.0,41.6,Marketing,0
40,11.9,43925.0,26.0,39.0,Marketing,0
58,19.3,56047.0,77.0,49.4,Engineering,0
27,2.9,25000.0,16.0,,Sales,0
47,20.3,61759.0,98.0,63.7,Engineering,1
55,16.6,67052.0,49.0,46.6,Marketing,0
27,4.1,25000.0,49.0,27.2,HR,0
58,12.7,46163.0,52.0,38.9,Marketing,0
54,24.5,80283.0,82.0,76.0,Sales,1
43,17.0,55854.0,92.0,53.7,HR,0
42,8.2,25000.0,60.0,34.2,Sales,0
27,2.8,25000.0,,30.5,Marketing,0
27,2.0,25000.0,32.0,28.1,Marketing,0
25,2.2,25000.0,41.0,35.2,HR,0
51,18.0,59678.0,40.0,42.4,Sales,0
32,6.8,33796.0,26.0,29.2,HR,0
51,12.1,47674.0,67.0,58.9,HR,0
52,12.8,52471.0,95.0,54.3,Sales,0
45,7.5,29791.0,44.0,29.0,HR,0
30,3.9,,39.0,28.4,Engineering,1
24,1.3,25000.0,73.0,31.5,HR,0
52,24.4,75965.0,62.0,54.5,Marketing,0
58,25.2,72977.0,60.0,66.3,Sales,1
57,19.6,60385.0,46.0,39.4,Marketing,0
45,20.1,59296.0,99.0,57.2,Engineering,0
52,21.9,73652.0,15.0,58.1,Engineering,0
27,4.3,25000.0,43.0,23.5,HR,0
23,0.6,25000.0,65.0,26.2,Marketing,0
41,8.7,33177.0,34.0,33.3,HR,0
49,9.0,42604.0,22.0,28.5,HR,0
32,7.4,28120.0,72.0,27.0,Marketing,1
25,1.1,,75.0,33.0,Engineering,0
36,6.7,25000.0,14.0,20.0,Engineering,0
27,3.1,25000.0,84.0,,Engineering,0
51,18.5,67672.0,20.0,52.3,Sales,0
59,24.4,78516.0,97.0,74.1,Sales,1
23,0.4,25000.0,87.0,32.3,HR,0
36,7.4,25000.0,53.0,25.8,Sales,1
32,6.7,25000.0,94.0,37.8,Sales,0
29,6.2,25000.0,78.0,38.2,Marketing,0
47,18.4,55547.0,11.0,37.8,HR,0
26,3.4,25000.0,49.0,29.7,HR,0
27,3.8,25000.0,46.0,28.7,Marketing,0
47,16.4,66716.0,58.0,60.5,Engineering,0
25,1.2,25000.0,84.0,33.7,Marketing,0
40,12.6,41254.0,45.0,31.9,Engineering,0
41,12.8,49614.0,84.0,47.6,HR,0
54,21.2,59565.0,82.0,57.8,HR,0
41,11.3,33141.0,79.0,47.0,Sales,1
33,6.8,30219.0,43.0,26.3,Sales,0
22,0.0,25000.0,67.0,34.1,Marketing,0
47,15.3,51488.0,46.0,41.9,Sales,0
35,5.4,25000.0,69.0,31.0,HR,1
59,29.0,91399.0,21.0,72.7,HR,1
58,14.8,50360.0,41.0,45.6,Engineering,0
32,3.5,25000.0,90.0,28.5,Sales,0
57,19.7,60558.0,13.0,40.1,Engineering,0
34,8.3,30038.0,42.0,34.7,HR,0
24,1.1,25000.0,52.0,27.8,Sales,0
54,14.9,51325.0,18.0,32.1,Engineering,0
27,3.2,25000.0,60.0,24.6,HR,0
31,4.6,25000.0,29.0,26.0,Engineering,0
26,3.4,25000.0,48.0,31.2,Sales,0
44,18.8,62541.0,32.0,48.2,Engineering,0
31,5.4,25000.0,50.0,39.0,Engineering,0
23,0.5,25000.0,53.0,31.4,HR,0
34,8.9,31546.0,44.0,28.6,Sales,0
23,0.3,25000.0,32.0,20.0,Marketing,0
41,11.1,38980.0,67.0,34.5,Marketing,0
22,0.0,25000.0,57.0,29.7,Engineering,0
58,30.7,107303.0,96.0,88.3,HR,1
30,2.5,25000.0,67.0,38.4,Sales,0
38,10.1,31753.0,66.0,41.7,HR,0
30,6.0,25150.0,96.0,39.1,Sales,0
32,5.9,25000.0,48.0,20.4,HR,1
36,4.9,25000.0,37.0,20.7,Marketing,0
45,20.3,56840.0,73.0,58.8,Marketing,0
59,22.6,73944.0,71.0,60.7,Marketing,0
56,22.7,65643.0,92.0,67.8,HR,1
51,12.8,49242.0,71.0,49.4,HR,0
52,17.7,63261.0,94.0,61.2,Engineering,0
26,2.2,25000.0,97.0,32.6,Marketing,0
35,4.5,25000.0,94.0,35.0,Engineering,0
32,3.6,25000.0,35.0,24.6,HR,0
30,6.4,27559.0,60.0,35.5,Sales,0
55,14.6,49557.0,59.0,40.4,Marketing,0
33,4.6,,45.0,24.6,Marketing,0
56,20.5,58992.0,35.0,,Marketing,0
56,25.9,76525.0,42.0,62.7,Marketing,0
22,0.0,25000.0,77.0,27.5,Marketing,0
43,13.6,47917.0,82.0,41.8,HR,0
50,10.4,43775.0,17.0,36.0,Marketing,0
29,2.3,,75.0,24.1,Marketing,0
32,3.3,25000.0,32.0,29.5,Engineering,1
58,28.8,75425.0,79.0,65.3,Sales,0
35,4.8,25000.0,64.0,21.7,Marketing,1
51,9.5,42990.0,,36.7,Engineering,0
56,19.1,77953.0,30.0,59.9,HR,0
42,16.1,50728.0,31.0,37.4,Engineering,0
58,16.5,55323.0,18.0,40.6,Marketing,0
26,2.2,25000.0,43.0,29.0,Engineering,1
40,5.8,25219.0,68.0,29.4,Engineering,0
35,7.4,35377.0,35.0,25.9,HR,1
47,16.2,50559.0,10.0,34.2,Engineering,0
25,1.9,25000.0,14.0,26.5,HR,0
46,12.0,48181.0,50.0,,HR,0
46,11.7,44592.0,72.0,34.0,Engineering,0
39,6.2,33006.0,31.0,33.7,Marketing,1
29,3.6,25000.0,77.0,33.3,Sales,0
35,4.7,28566.0,57.0,35.1,Engineering,0
53,23.6,66581.0,75.0,56.6,Engineering,0
59,32.6,91081.0,25.0,56.9,Engineering,0
54,28.2,93095.0,89.0,82.8,Sales,1
44,18.0,58237.0,62.0,46.5,Sales,0
36,9.2,38404.0,95.0,37.7,HR,0
54,23.1,74447.0,74.0,57.8,Sales,0
46,11.3,42015.0,88.0,48.6,Sales,0
38,10.9,32010.0,73.0,36.6,Engineering,0
54,18.3,61816.0,97.0,64.5,HR,0
23,0.6,25000.0,77.0,35.4,Marketing,0
35,9.8,35283.0,72.0,35.8,HR,0
27,2.3,25000.0,71.0,30.5,Sales,0
27,2.5,25000.0,91.0,32.3,Sales,0
24,1.7,25000.0,90.0,,Engineering,0
28,2.0,25000.0,80.0,27.8,Marketing,0
29,4.1,25000.0,54.0,29.4,Marketing,0
36,11.9,39252.0,61.0,43.7,Marketing,0
50,18.7,72238.0,83.0,60.7,Sales,0
54,20.1,69437.0,74.0,67.5,Sales,0
51,13.0,44607.0,11.0,32.5,HR,0
48,13.2,47723.0,58.0,44.6,Sales,0
57,28.4,88283.0,31.0,56.6,Marketing,1
50,17.8,,38.0,43.9,Marketing,0
59,22.5,74147.0,44.0,59.0,Marketing,0
54,11.5,55990.0,90.0,59.3,Engineering,0
58,11.1,38666.0,,39.4,HR,0
48,22.8,71238.0,33.0,62.4,HR,0
54,16.8,54386.0,39.0,47.7,Sales,0
25,2.0,25000.0,,30.7,Engineering,0
43,7.3,28784.0,51.0,29.5,HR,0
23,0.7,25000.0,80.0,45.1,Engineering,0
31,7.7,37201.0,59.0,30.4,Engineering,0
26,2.6,25000.0,80.0,35.3,Sales,0
31,3.4,25000.0,69.0,,Engineering,0
54,20.8,65828.0,39.0,55.2,HR,0
59,28.1,84534.0,21.0,66.9,Sales,1
34,6.5,30159.0,58.0,29.8,HR,0
52,24.8,79101.0,91.0,76.5,Engineering,1
57,24.1,76626.0,55.0,73.2,Engineering,1
45,19.3,64456.0,52.0,53.7,Marketing,0
36,9.4,38755.0,11.0,32.0,Sales,0
50,10.6,40730.0,84.0,41.0,Sales,0
29,3.4,,89.0,34.6,Marketing,0
26,1.7,25000.0,63.0,28.4,HR,0
50,23.7,75503.0,44.0,63.1,HR,0
25,2.3,25000.0,61.0,34.9,Engineering,0
33,7.8,25000.0,42.0,24.5,Sales,0
23,0.5,25000.0,94.0,43.1,Engineering,0
48,10.7,,93.0,51.4,Marketing,0
52,22.6,69730.0,81.0,66.9,Engineering,1
57,20.5,72925.0,60.0,58.0,HR,0
57,15.2,53824.0,35.0,39.8,HR,0
47,16.7,57091.0,71.0,48.2,Marketing,0
48,8.4,36545.0,70.0,43.1,HR,0
26,2.0,25000.0,35.0,20.0,Marketing,0
41,11.0,44275.0,46.0,42.1,Sales,0
32,3.9,25000.0,39.0,,Marketing,0
31,8.0,,20.0,24.8,Marketing,0
59,15.7,52488.0,62.0,47.5,Marketing,1
27,1.9,25000.0,50.0,33.3,HR,0
29,3.0,25000.0,14.0,25.2,Sales,0
44,16.8,61720.0,75.0,63.3,Engineering,0
47,13.9,43614.0,22.0,40.8,Sales,0
33,7.0,30328.0,72.0,,HR,0
47,7.8,35753.0,91.0,36.2,Sales,0
34,3.8,25000.0,99.0,31.2,Sales,0
39,9.6,43383.0,34.0,25.3,Marketing,1
46,19.0,59937.0,53.0,45.1,Marketing,0
54,26.6,92751.0,23.0,66.8,HR,1
33,3.9,25000.0,78.0,29.5,Marketing,0
57,21.8,70254.0,68.0,59.5,HR,0
25,2.5,25000.0,65.0,32.1,Engineering,0
26,2.1,25000.0,61.0,27.3,Sales,0
58,28.7,92732.0,75.0,71.2,Engineering,1
29,2.7,32441.0,77.0,36.8,Engineering,0
49,23.3,75225.0,,49.9,Sales,0
52,22.5,71971.0,84.0,63.4,Marketing,0
30,6.9,,77.0,38.8,Engineering,0
50,19.8,55049.0,52.0,45.7,Sales,0
35,6.7,33101.0,82.0,47.3,Engineering,0
43,18.1,55416.0,83.0,60.7,Engineering,0
32,4.7,34371.0,15.0,23.0,Sales,0
44,11.0,45041.0,24.0,29.3,Marketing,1
22,0.0,25000.0,51.0,26.6,HR,0
58,27.3,87621.0,40.0,72.2,Sales,1
42,17.2,57620.0,95.0,55.0,HR,0
47,10.6,37127.0,62.0,41.7,Sales,0
57,27.3,76592.0,15.0,60.1,Sales,0
44,16.3,51197.0,,38.7,HR,0
22,0.0,25000.0,38.0,20.9,HR,0
36,7.5,26311.0,30.0,27.1,Marketing,0
42,9.4,29670.0,63.0,33.1,Sales,0
30,3.9,25000.0,65.0,26.2,Sales,0
30,7.1,31929.0,30.0,25.5,Sales,0
31,6.2,28541.0,64.0,31.5,Marketing,0
47,18.3,60707.0,67.0,46.0,HR,0
56,30.1,94985.0,73.0,81.8,Sales,1
46,12.6,39640.0,95.0,43.0,HR,0
47,19.5,58873.0,55.0,36.3,Marketing,0
32,5.6,25155.0,93.0,35.3,Engineering,0
59,30.4,88677.0,31.0,61.6,HR,0
23,0.4,25000.0,69.0,38.9,Marketing,0
28,5.2,25000.0,20.0,20.0,Engineering,0
39,7.3,25000.0,56.0,22.4,Sales,0
48,12.9,50330.0,40.0,44.1,Sales,0
55,24.9,83885.0,86.0,69.8,HR,1
48,13.9,45996.0,27.0,32.2,Engineering,0
38,10.6,30298.0,31.0,28.9,Marketing,0
45,13.0,34958.0,65.0,31.1,Sales,0
46,17.9,67760.0,26.0,43.1,Sales,0
28,2.6,25000.0,47.0,34.7,Engineering,0
27,1.7,25000.0,34.0,26.4,Marketing,0
45,11.0,39180.0,41.0,33.0,Sales,0
54,18.7,53383.0,24.0,40.4,Sales,0
50,11.2,46099.0,22.0,37.7,HR,0
43,10.8,49901.0,67.0,51.5,Marketing,0
47,13.5,43936.0,99.0,45.3,Sales,0
49,9.0,49117.0,59.0,46.4,Engineering,0
42,13.0,44518.0,20.0,31.1,Sales,1
28,5.0,29234.0,22.0,22.9,Marketing,0
38,6.3,28686.0,59.0,31.7,HR,0
41,12.5,45081.0,47.0,39.4,Sales,0
41,13.3,54770.0,10.0,42.2,Engineering,0
43,11.6,45814.0,48.0,42.6,Sales,0
49,19.5,65324.0,36.0,43.2,Engineering,1
28,3.3,25000.0,45.0,20.0,Marketing,0
22,0.0,25000.0,41.0,23.0,HR,0
53,9.4,41693.0,50.0,46.9,Marketing,0
34,8.6,39039.0,24.0,26.6,Sales,0
51,20.2,66442.0,40.0,51.3,Sales,0
44,7.1,27993.0,15.0,20.0,HR,1
40,9.4,26304.0,98.0,34.4,Engineering,0
53,27.5,80732.0,,66.9,Marketing,1
51,16.0,55955.0,91.0,62.5,Engineering,0
50,16.8,52718.0,31.0,,Sales,0
50,23.7,69428.0,40.0,50.3,Engineering,0
51,21.2,68044.0,82.0,75.5,Marketing,1
37,9.7,42592.0,55.0,39.8,Engineering,0
40,14.0,50424.0,76.0,45.9,Sales,0
39,13.9,47879.0,52.0,49.4,Marketing,0
22,0.0,25000.0,10.0,20.0,Engineering,0
35,7.6,32256.0,53.0,40.4,Engineering,0
23,0.5,25000.0,66.0,25.5,Marketing,0
49,23.8,72145.0,18.0,58.8,Sales,0
51,20.8,70991.0,14.0,51.1,Marketing,0
59,12.9,48823.0,88.0,56.6,Sales,0
25,2.5,25000.0,18.0,29.8,Engineering,0
22,0.0,25000.0,54.0,21.8,Marketing,0
29,2.4,25000.0,86.0,40.2,Sales,0
50,17.6,66592.0,33.0,44.0,Marketing,0
24,1.1,25000.0,83.0,28.0,Engineering,0
53,25.6,75054.0,51.0,56.2,Marketing,0
31,3.8,25000.0,31.0,25.4,Engineering,0
31,7.2,25156.0,69.0,30.7,Engineering,0
40,11.4,,95.0,47.9,Engineering,0
55,11.0,47940.0,46.0,41.9,Sales,0
54,28.3,89257.0,48.0,72.1,Sales,1
44,13.4,50432.0,93.0,55.6,HR,0
49,12.8,46126.0,83.0,52.8,Sales,0
53,18.0,69708.0,83.0,,HR,1
28,4.9,26768.0,99.0,37.5,Marketing,0
50,13.5,46365.0,98.0,47.9,Engineering,0
29,2.9,25000.0,62.0,32.1,Sales,0
22,0.0,25000.0,37.0,20.0,Engineering,1
24,1.0,25000.0,86.0,30.5,HR,0
45,17.7,56059.0,24.0,,Sales,0
44,12.8,51273.0,69.0,47.4,Sales,0
29,3.1,25000.0,69.0,24.4,Sales,0
58,14.4,54701.0,15.0,32.0,Sales,0
24,1.0,25000.0,61.0,29.1,Engineering,0
54,27.6,97867.0,21.0,75.2,Sales,1
49,13.7,46317.0,28.0,42.1,HR,0
29,6.3,25000.0,84.0,34.0,Sales,0
55,19.5,65620.0,11.0,56.0,HR,0
56,13.9,52034.0,64.0,47.0,HR,0
53,25.9,82532.0,24.0,59.1,Engineering,0
45,13.3,44299.0,73.0,31.3,Sales,0
35,9.4,27669.0,78.0,31.8,HR,0
53,27.6,93669.0,24.0,71.5,Sales,1
37,5.0,26660.0,52.0,36.0,Engineering,0
25,1.1,25000.0,83.0,29.1,Engineering,0
58,26.4,85586.0,26.0,64.6,Sales,0
42,9.4,45265.0,,42.0,HR,0
35,5.3,25000.0,83.0,33.3,Marketing,0
52,9.7,40906.0,39.0,23.7,Marketing,0
39,5.3,25000.0,76.0,33.1,Engineering,0
28,4.6,25000.0,60.0,32.5,HR,1
31,3.4,25000.0,69.0,25.7,Marketing,0
28,3.5,25000.0,12.0,20.0,HR,0
54,21.2,68264.0,14.0,42.5,Sales,1
44,12.3,47950.0,37.0,,Engineering,0
42,6.3,31296.0,87.0,43.4,Sales,0
40,13.9,40962.0,20.0,31.3,Sales,0
40,5.5,27619.0,81.0,42.6,Sales,1
57,26.5,86144.0,,,HR,1
50,23.4,74040.0,85.0,64.6,Marketing,0
39,9.5,40897.0,24.0,31.6,Sales,0
23,0.6,25000.0,92.0,37.9,Engineering,0
22,0.0,25000.0,57.0,32.9,HR,0
26,2.1,25000.0,55.0,29.3,Marketing,0
41,15.8,43797.0,37.0,42.1,Sales,0
32,8.4,34505.0,16.0,24.7,Engineering,0
23,0.5,25000.0,80.0,27.7,Sales,0
24,1.3,25000.0,91.0,34.5,Marketing,0
44,18.8,54874.0,97.0,57.0,Marketing,0
33,9.6,38036.0,15.0,22.3,Sales,0
41,11.5,33510.0,67.0,29.1,Sales,0
26,2.3,25000.0,77.0,34.3,HR,0
58,16.8,61655.0,64.0,51.9,Marketing,0
59,32.4,91411.0,76.0,75.3,Marketing,1
51,11.2,43930.0,58.0,39.1,Sales,0
30,5.2,35269.0,,43.1,Engineering,0
55,15.5,61197.0,68.0,60.7,Sales,0
56,15.9,52410.0,15.0,31.8,Sales,0
43,11.4,44984.0,99.0,47.1,Marketing,0
45,20.7,58170.0,60.0,55.0,HR,0
38,5.3,25000.0,47.0,29.1,Sales,0
31,5.8,25000.0,20.0,20.5,Engineering,1
51,10.1,,61.0,35.4,Engineering,1
44,8.6,38757.0,29.0,28.2,Sales,0
53,17.5,,19.0,43.7,Engineering,0
38,9.7,38124.0,35.0,33.8,Engineering,0
38,7.3,25000.0,57.0,36.6,Sales,0
35,6.4,26195.0,23.0,20.0,Engineering,0
30,2.8,25000.0,68.0,25.1,Engineering,1
23,0.5,25000.0,21.0,20.3,Sales,0
46,21.1,67461.0,32.0,56.5,Marketing,0
30,6.9,27896.0,94.0,30.2,HR,0
43,10.5,40713.0,81.0,50.6,HR,0
25,1.9,25000.0,48.0,25.4,Marketing,1
47,21.1,72624.0,18.0,48.3,Sales,0
50,8.5,35697.0,97.0,35.2,Marketing,0
55,26.0,85038.0,34.0,67.0,HR,1
44,19.1,49422.0,26.0,37.3,HR,0
58,12.8,57705.0,51.0,49.5,HR,0
32,4.0,25000.0,38.0,,HR,0
27,4.4,31807.0,69.0,33.4,Sales,0
39,10.6,48796.0,76.0,45.3,HR,0
42,6.2,25000.0,94.0,35.0,HR,0
57,15.9,60935.0,66.0,50.5,Sales,1
59,21.1,65364.0,81.0,52.1,Marketing,0
55,23.6,72303.0,23.0,66.4,Sales,1
38,11.8,37816.0,48.0,28.0,HR,0
58,32.3,100390.0,25.0,72.8,Engineering,1
46,11.3,43673.0,27.0,25.7,Sales,0
59,23.0,69192.0,84.0,52.9,Sales,0
33,6.8,29100.0,29.0,25.7,Marketing,0
44,12.0,42179.0,55.0,40.0,HR,0
43,8.4,25000.0,54.0,33.8,Engineering,0
42,17.7,54680.0,13.0,41.1,Sales,0
48,21.1,75452.0,93.0,68.2,Sales,1
52,18.0,58599.0,29.0,40.1,Sales,0
27,3.3,25000.0,20.0,28.2,Engineering,0
48,11.3,46722.0,74.0,50.6,Sales,1
55,20.7,63612.0,27.0,41.6,Sales,0
33,7.9,30722.0,48.0,30.3,Engineering,0
28,3.7,25000.0,53.0,28.0,Sales,0
31,8.0,38108.0,27.0,29.1,Engineering,1
38,10.7,37294.0,56.0,39.9,Marketing,0
47,13.1,41127.0,40.0,39.6,Engineering,0
42,15.3,48506.0,48.0,41.0,Marketing,0
49,10.9,35806.0,47.0,31.9,Engineering,1
23,0.5,25000.0,88.0,41.8,HR,1
22,0.0,25000.0,56.0,32.5,Sales,0
57,19.6,72342.0,79.0,,Marketing,0
47,19.2,72306.0,17.0,43.5,Sales,1
50,16.5,58646.0,95.0,,Sales,0
42,15.5,52066.0,74.0,53.0,Engineering,0
32,6.5,25000.0,22.0,20.0,HR,0
32,5.1,25000.0,64.0,30.7,Engineering,0
57,27.5,,97.0,74.1,Sales,1
56,15.1,58443.0,94.0,56.7,Engineering,0
55,14.3,46639.0,52.0,37.0,Marketing,1
45,13.9,48513.0,,34.2,HR,1
43,9.6,29033.0,80.0,42.3,Sales,1
26,1.2,25000.0,69.0,28.2,Engineering,0
54,22.0,74579.0,21.0,58.7,Marketing,0
57,21.2,61992.0,68.0,50.9,HR,0
41,10.8,32601.0,86.0,42.7,Engineering,0
40,15.8,,63.0,42.6,Engineering,0
56,21.9,70662.0,53.0,59.5,Sales,0
38,13.1,37163.0,25.0,29.8,Marketing,1
55,12.7,55142.0,15.0,43.0,HR,0
30,5.1,25000.0,23.0,20.0,Engineering,0
47,20.5,,67.0,51.9,HR,0
23,0.6,25000.0,40.0,26.8,Marketing,0
30,5.8,29966.0,50.0,20.0,Sales,0
30,4.2,25000.0,44.0,22.8,Sales,0
38,5.7,25000.0,19.0,20.2,Sales,0
22,0.0,25000.0,90.0,30.5,HR,0
46,12.9,45669.0,39.0,,HR,0
46,19.7,60718.0,,52.4,Engineering,0
56,15.2,52675.0,64.0,53.0,Marketing,1
24,1.8,25000.0,80.0,27.9,Marketing,0
58,31.5,99757.0,27.0,69.0,Marketing,1
51,13.0,34797.0,92.0,37.9,HR,0
59,18.8,71850.0,88.0,53.4,Sales,0
55,27.6,90491.0,95.0,80.0,Marketing,1
33,9.7,35203.0,,37.7,Engineering,0
40,10.2,36780.0,51.0,39.8,HR,1
58,17.7,67065.0,63.0,53.0,Sales,0
38,9.9,35939.0,39.0,25.5,Marketing,0
31,6.4,25000.0,29.0,22.6,Sales,0
33,5.1,28344.0,51.0,,Engineering,1
37,11.1,49317.0,98.0,53.3,Marketing,0
45,7.6,27645.0,96.0,39.1,Marketing,0
40,5.9,28874.0,14.0,27.8,Sales,1
29,3.7,25000.0,59.0,24.8,HR,0
52,15.4,56608.0,50.0,46.6,Sales,0
42,9.8,33209.0,48.0,39.9,Engineering,0
38,9.5,41208.0,66.0,39.7,Sales,0
44,10.8,,66.0,33.3,Sales,0
58,15.0,55132.0,46.0,42.6,Marketing,0
37,7.3,37506.0,16.0,23.5,HR,0
27,4.4,25000.0,14.0,21.3,HR,0
29,3.8,25000.0,88.0,29.8,HR,0
46,13.6,44633.0,60.0,43.1,HR,0
39,11.0,45181.0,17.0,29.8,Sales,0
46,21.4,76234.0,65.0,53.2,Marketing,0
33,4.9,25000.0,82.0,34.6,Marketing,0
36,9.9,25000.0,20.0,21.4,HR,0
47,18.2,,31.0,46.2,Sales,0
47,16.6,67763.0,86.0,59.0,HR,0
53,10.9,40189.0,20.0,26.9,HR,0
31,6.4,34155.0,69.0,38.6,Marketing,1
37,5.1,25000.0,24.0,,Marketing,0
28,3.9,25000.0,47.0,26.1,HR,0
38,11.9,45046.0,10.0,34.2,Sales,1
44,9.4,39997.0,55.0,36.1,HR,0
47,20.1,68611.0,97.0,57.4,Marketing,0
42,6.4,,52.0,34.3,Marketing,0
43,16.9,60322.0,31.0,51.0,Sales,0
28,3.5,25000.0,12.0,22.6,HR,0
35,5.6,30245.0,23.0,23.9,HR,0
36,5.3,25000.0,11.0,21.9,Engineering,0
28,5.2,26568.0,70.0,36.2,HR,0
30,2.7,25000.0,41.0,33.0,Sales,0
29,2.9,25000.0,47.0,31.0,Marketing,0
44,11.2,40312.0,55.0,38.2,Engineering,0
50,18.8,57009.0,51.0,41.7,Sales,0
39,10.7,29772.0,15.0,23.6,Sales,0
52,11.3,49969.0,50.0,44.6,Engineering,0
51,13.7,46039.0,34.0,41.0,HR,0
56,15.1,53201.0,20.0,46.2,Engineering,0
39,7.3,26296.0,50.0,27.1,Sales,0
38,8.7,31867.0,80.0,47.7,HR,0
35,9.4,31470.0,66.0,25.4,Marketing,0
52,12.9,54245.0,55.0,49.3,Engineering,0
45,12.0,40547.0,95.0,42.0,Sales,0
56,18.2,,57.0,,HR,0
55,29.2,95196.0,72.0,76.9,Sales,1
24,1.7,25000.0,48.0,20.0,HR,1
58,28.1,89249.0,19.0,62.5,HR,1
47,11.1,44447.0,94.0,48.6,Engineering,0
44,7.5,36158.0,79.0,45.5,Marketing,0
36,6.9,32752.0,74.0,29.1,HR,0
25,1.4,25000.0,68.0,34.8,Sales,0
50,16.9,52478.0,87.0,52.9,HR,0
43,16.1,56354.0,45.0,51.7,Marketing,0
46,19.6,61617.0,36.0,46.1,Sales,0
34,9.7,25000.0,82.0,26.4,HR,0
39,8.8,35651.0,64.0,30.5,HR,0
54,22.8,,79.0,55.7,Engineering,0
37,7.3,27058.0,90.0,38.4,Marketing,0
23,0.3,25000.0,62.0,36.5,HR,0
56,24.5,70282.0,69.0,57.8,Marketing,0
55,10.1,42445.0,70.0,45.4,HR,1
51,15.8,53216.0,45.0,36.9,Sales,0
34,6.0,25000.0,94.0,36.4,Marketing,0
34,8.6,31931.0,36.0,31.8,Sales,0
39,12.9,35499.0,50.0,26.4,Marketing,0
53,15.0,53778.0,37.0,42.2,Sales,1
53,24.4,79253.0,25.0,61.4,HR,0
56,16.2,58826.0,44.0,33.3,Sales,0
50,15.9,58694.0,45.0,54.8,Sales,1
50,20.6,72327.0,65.0,63.0,HR,1
37,10.7,37443.0,28.0,34.1,Marketing,0
31,8.0,34777.0,66.0,34.3,Sales,0
51,12.6,46375.0,94.0,41.1,Engineering,0
46,16.7,52053.0,42.0,45.8,Engineering,0
41,12.7,42086.0,32.0,34.0,Sales,0
26,3.4,25000.0,72.0,31.2,Sales,0
22,0.0,25000.0,79.0,37.9,Sales,1
51,21.8,,31.0,56.5,Marketing,0
24,1.3,25000.0,76.0,41.5,HR,0
35,6.0,32721.0,89.0,40.4,Engineering,0
51,17.0,,68.0,43.9,Engineering,0
25,1.5,25000.0,34.0,22.5,Marketing,0
39,11.0,43664.0,26.0,36.4,Sales,0
58,30.0,101232.0,48.0,82.2,Sales,1
46,15.4,54703.0,86.0,46.3,HR,0
22,0.0,25000.0,84.0,33.5,HR,0
36,8.6,30846.0,83.0,45.2,Engineering,0
30,2.6,25000.0,48.0,25.1,HR,0
36,6.2,26947.0,33.0,29.2,Engineering,0
45,13.7,43977.0,47.0,41.2,Marketing,0
25,1.5,25000.0,97.0,40.8,Sales,0
33,4.5,25000.0,90.0,30.6,Sales,0
58,21.7,71718.0,66.0,57.0,Engineering,0
58,17.8,62709.0,53.0,52.5,Sales,0
27,2.3,25000.0,45.0,20.0,Marketing,0
45,13.3,43763.0,79.0,43.6,HR,0
32,3.8,25000.0,89.0,35.7,Marketing,0
34,10.3,42246.0,54.0,47.9,Sales,0
55,27.1,93275.0,35.0,71.2,Marketing,1
46,17.4,59674.0,20.0,46.9,Sales,0
28,2.2,25000.0,61.0,34.7,Engineering,1
25,2.3,,34.0,20.0,HR,0
29,5.5,25000.0,40.0,23.8,HR,0
41,14.5,,94.0,60.2,Sales,1
50,10.3,,54.0,37.9,Sales,0
31,6.2,25000.0,76.0,37.4,HR,0
55,26.4,85617.0,85.0,78.9,Marketing,1
47,16.2,53624.0,49.0,38.2,Marketing,0
24,1.4,25000.0,55.0,,Marketing,0
27,2.9,25000.0,63.0,30.0,HR,0
26,2.5,26576.0,50.0,29.4,Engineering,0
26,1.3,25000.0,98.0,32.5,Sales,0
44,15.0,51394.0,90.0,46.7,Sales,0
30,2.8,25000.0,47.0,,HR,1
56,19.1,61692.0,45.0,49.6,Engineering,0
41,9.0,41164.0,92.0,51.8,HR,1
56,21.3,62155.0,53.0,61.1,Marketing,0
39,6.5,25911.0,66.0,37.5,Marketing,0
38,11.4,38344.0,75.0,44.9,Sales,0
45,17.9,59006.0,90.0,52.3,Sales,0
24,0.8,25000.0,39.0,,Sales,0
53,11.2,50664.0,19.0,,Sales,1
56,13.2,51871.0,70.0,45.4,Marketing,0
59,30.6,99814.0,72.0,83.8,Marketing,1
34,7.4,36765.0,45.0,,Engineering,0
46,13.9,44847.0,63.0,45.2,Sales,0
30,2.9,25000.0,74.0,36.6,HR,0
25,2.1,25000.0,91.0,30.3,Engineering,0
35,10.7,35818.0,13.0,31.1,Engineering,0
58,28.7,83484.0,64.0,65.0,Marketing,1
55,22.3,75131.0,63.0,58.0,Sales,0
32,3.5,30668.0,98.0,42.7,Engineering,0
24,0.7,,73.0,,Sales,1
49,8.9,41706.0,31.0,36.4,Marketing,0
50,12.7,41812.0,,,Engineering,0
30,3.1,25000.0,90.0,36.2,Engineering,0
24,0.9,25000.0,68.0,30.9,HR,0
46,12.7,48280.0,,39.8,Marketing,0
55,28.6,85671.0,63.0,,HR,0
33,7.3,36681.0,53.0,34.7,Marketing,0
30,6.4,25000.0,61.0,29.3,HR,0
36,10.2,30150.0,85.0,37.2,Marketing,0
46,8.8,33086.0,25.0,30.4,Marketing,0
26,3.0,,25.0,20.6,Engineering,0
32,4.7,28677.0,90.0,39.9,HR,0
55,22.6,73246.0,64.0,60.9,HR,0
45,11.6,41535.0,70.0,50.8,HR,0
36,12.6,35950.0,88.0,42.0,Engineering,0
59,17.0,65633.0,86.0,72.7,Sales,1
29,3.3,25000.0,49.0,28.2,Marketing,0
26,3.4,25000.0,30.0,21.6,HR,0
47,7.9,31849.0,75.0,31.7,Marketing,1
39,12.2,43016.0,17.0,24.9,Engineering,1
27,3.7,25000.0,80.0,27.7,Marketing,0
58,28.9,93185.0,19.0,61.5,Engineering,0
34,10.6,35285.0,66.0,38.7,Sales,0
49,23.9,79714.0,13.0,53.1,HR,0
26,1.4,,52.0,28.0,Engineering,0
34,9.5,42907.0,72.0,49.4,Marketing,0
38,11.0,36689.0,52.0,34.4,Engineering,0
53,21.3,73370.0,76.0,74.5,Engineering,1
50,10.6,32566.0,91.0,34.0,Sales,0
24,1.4,25158.0,60.0,28.0,HR,0
55,29.4,93970.0,65.0,73.0,Engineering,1
48,22.0,67918.0,52.0,60.4,Engineering,0
34,6.8,25904.0,33.0,20.0,Marketing,0
54,10.4,40965.0,43.0,28.7,Engineering,0
27,2.6,25000.0,68.0,29.7,Engineering,1
45,18.3,63743.0,11.0,52.5,HR,0
40,13.0,42283.0,11.0,31.5,HR,0
37,8.6,26406.0,19.0,20.0,Marketing,0
49,9.0,43181.0,32.0,,Engineering,0
54,17.8,64893.0,24.0,56.4,Engineering,0
34,7.0,31232.0,85.0,34.7,Engineering,1
46,20.6,64881.0,26.0,43.7,Sales,0
57,24.0,75602.0,91.0,76.0,Sales,0
48,12.7,54576.0,23.0,46.0,Marketing,0
59,22.8,83591.0,90.0,80.1,Sales,1
28,2.0,25000.0,88.0,29.5,Marketing,0
26,3.5,25000.0,85.0,,Engineering,0
52,15.5,,25.0,42.7,Sales,0
44,12.9,38600.0,41.0,35.6,HR,0
31,4.6,25000.0,32.0,24.9,Sales,0
53,22.0,76631.0,43.0,67.1,Engineering,1
51,20.2,72169.0,25.0,44.4,HR,0
52,21.9,75621.0,43.0,63.3,Marketing,0
39,7.8,32930.0,80.0,32.5,Engineering,0
57,17.1,65306.0,,56.2,HR,1
23,0.4,25000.0,77.0,29.7,Sales,1
35,9.0,36107.0,52.0,30.4,Marketing,0
34,3.9,25000.0,73.0,28.2,Sales,0
50,18.4,55716.0,80.0,45.9,HR,0
33,9.0,36723.0,27.0,30.1,HR,0
23,0.8,25000.0,77.0,28.2,Engineering,0
53,17.7,72520.0,70.0,66.3,Marketing,1
34,6.9,28770.0,84.0,39.2,Marketing,0
48,9.0,31661.0,29.0,35.3,HR,0
38,11.2,37758.0,20.0,31.0,Engineering,0
52,23.8,74421.0,88.0,69.8,HR,1
55,14.7,53992.0,55.0,54.0,HR,0
45,12.7,47604.0,73.0,43.2,Marketing,0
56,27.3,86865.0,90.0,,Sales,1
27,4.1,25000.0,85.0,34.7,Sales,0
40,8.0,32987.0,37.0,,Marketing,0
51,18.3,49924.0,57.0,57.0,Engineering,0
28,2.5,25000.0,44.0,32.7,Marketing,0
31,3.3,25000.0,17.0,30.9,Engineering,0
53,26.2,84151.0,31.0,62.6,Marketing,0
55,26.1,79943.0,33.0,62.6,Engineering,0
49,20.4,66818.0,75.0,57.2,HR,0
36,4.6,25081.0,95.0,40.1,HR,0
51,23.4,73000.0,73.0,57.2,Engineering,0
58,20.3,71529.0,74.0,49.8,Marketing,0
50,14.2,50851.0,23.0,,HR,0
43,13.2,46683.0,34.0,30.6,Marketing,1
25,1.1,25000.0,12.0,26.5,Sales,0
41,14.3,42331.0,,40.1,HR,0
53,20.1,60444.0,74.0,48.1,Marketing,0
57,14.4,54182.0,63.0,55.2,Marketing,0
25,1.2,25000.0,28.0,27.0,Sales,0
48,10.7,40558.0,63.0,31.8,Marketing,0
38,5.3,28891.0,85.0,34.3,Engineering,0
33,7.2,,19.0,21.7,HR,0
43,16.9,55849.0,25.0,46.0,Engineering,0
38,5.0,26770.0,55.0,22.7,Sales,0
31,3.0,25000.0,38.0,23.8,Engineering,0
22,0.0,25000.0,24.0,20.0,Marketing,0
43,16.6,56355.0,57.0,51.3,Sales,0
47,12.4,52333.0,20.0,,Sales,0
39,8.7,35814.0,43.0,29.8,Engineering,0
35,8.6,33090.0,45.0,30.0,Sales,0
50,13.0,43113.0,39.0,46.7,Engineering,0
33,3.5,25729.0,82.0,31.5,Engineering,0
57,25.9,74815.0,91.0,62.9,Engineering,0
56,23.0,65770.0,,52.4,Sales,0
33,7.1,29507.0,77.0,34.4,Sales,0
28,4.5,25000.0,79.0,25.4,HR,0
50,19.7,69695.0,42.0,66.0,Engineering,1
32,4.2,25000.0,89.0,32.7,Engineering,0
54,16.4,62009.0,84.0,56.2,Engineering,0
27,1.9,25000.0,31.0,23.7,Engineering,0
36,5.3,25000.0,45.0,34.3,Engineering,0
53,21.9,60152.0,32.0,,Engineering,0
32,8.2,25000.0,72.0,32.4,Engineering,0
44,19.3,62650.0,35.0,,HR,0
47,16.9,55186.0,69.0,51.2,HR,0
55,13.5,53887.0,14.0,32.5,Marketing,0
55,12.0,46159.0,63.0,40.3,Engineering,0
50,22.1,69474.0,47.0,56.8,Engineering,0
25,1.9,25000.0,71.0,37.5,HR,0
38,10.7,42262.0,34.0,,HR,0
56,26.1,,21.0,60.9,Engineering,0
34,8.7,,31.0,20.0,Engineering,0
36,11.2,,18.0,20.0,HR,0
50,9.3,30548.0,93.0,36.6,HR,0
50,21.0,74861.0,38.0,64.7,Marketing,0
32,8.1,33827.0,53.0,33.5,Marketing,0
53,14.6,56460.0,36.0,46.3,Engineering,0
23,0.7,25000.0,64.0,30.9,HR,0
35,6.4,25000.0,90.0,40.2,Marketing,0
41,16.6,64310.0,14.0,42.6,Engineering,0
43,6.7,31761.0,61.0,36.8,Marketing,0
32,6.5,26534.0,22.0,20.0,Marketing,0
48,10.4,38604.0,51.0,45.9,Marketing,0
24,1.5,25000.0,24.0,20.0,Sales,0
38,6.5,33358.0,88.0,35.4,Engineering,0
49,11.9,39161.0,27.0,34.3,Marketing,0
50,16.7,59483.0,59.0,51.9,Engineering,0
42,17.0,58954.0,11.0,43.1,Engineering,0
37,6.4,28771.0,96.0,39.5,HR,0
58,13.9,54500.0,22.0,35.3,Engineering,0
41,14.4,55031.0,77.0,60.2,Marketing,0
27,3.0,25000.0,56.0,32.3,Engineering,0
40,15.2,50823.0,98.0,60.3,HR,0
26,1.6,,84.0,30.8,Sales,0
24,1.4,25000.0,59.0,30.5,Sales,0
22,0.0,25000.0,21.0,21.9,HR,0
59,14.6,60456.0,22.0,50.3,Marketing,0
36,9.9,42432.0,18.0,37.7,Marketing,0
55,21.7,80037.0,68.0,67.9,Marketing,1
56,25.6,71931.0,54.0,51.2,Engineering,0
46,11.7,51193.0,79.0,,Sales,1
45,13.1,47174.0,52.0,44.6,Marketing,0
33,6.0,32903.0,83.0,35.5,Sales,0
39,15.1,47476.0,32.0,40.1,HR,0
36,6.7,25000.0,88.0,26.7,Sales,0
37,7.2,25000.0,54.0,32.7,Marketing,0
48,13.3,51530.0,32.0,33.4,Sales,0
29,4.5,25000.0,43.0,24.2,HR,0
46,10.8,35215.0,25.0,29.7,Sales,0
38,13.6,34579.0,72.0,42.6,Engineering,0
50,12.9,49326.0,60.0,45.4,HR,0
29,5.9,26096.0,41.0,28.8,Engineering,0
36,5.1,25000.0,47.0,25.9,Engineering,0
48,18.0,53461.0,65.0,48.5,Marketing,0
28,5.1,25000.0,78.0,32.7,Marketing,0
24,0.8,25000.0,26.0,20.9,HR,0
50,24.7,74275.0,95.0,60.1,Marketing,0
45,13.1,41852.0,48.0,33.7,Sales,0
24,1.7,25000.0,50.0,27.9,HR,0
41,13.4,48976.0,57.0,42.8,Marketing,0
36,6.7,25729.0,91.0,34.6,Marketing,0
46,9.9,48675.0,37.0,38.2,Sales,0
51,14.0,54808.0,86.0,49.4,Engineering,0
35,4.6,25000.0,59.0,26.0,Sales,0
28,2.3,25000.0,10.0,20.0,Engineering,0
38,5.8,32497.0,59.0,33.5,Marketing,1
41,10.5,44510.0,28.0,37.2,Engineering,0
57,27.2,83586.0,68.0,68.4,Engineering,1
30,3.1,25000.0,77.0,26.9,Marketing,0
59,14.0,51948.0,76.0,42.8,HR,0
43,14.4,51503.0,50.0,57.3,Sales,0
23,0.4,25000.0,19.0,20.0,Marketing,0
45,8.2,28162.0,37.0,23.6,Sales,0
29,2.8,25000.0,43.0,27.9,Sales,0
32,8.5,35538.0,48.0,35.1,Engineering,0
34,9.5,31496.0,92.0,42.0,Marketing,0
38,8.2,28154.0,65.0,29.6,HR,0
29,4.9,26688.0,61.0,31.2,Sales,0
42,12.4,40024.0,12.0,29.4,Sales,0
39,12.0,41977.0,32.0,32.8,HR,0
51,20.6,66443.0,26.0,50.7,Sales,0
39,11.5,33115.0,80.0,43.4,Marketing,0
52,13.8,51061.0,35.0,40.9,HR,0
59,12.0,48172.0,27.0,37.4,Marketing,0
53,17.8,62201.0,55.0,57.8,HR,1
32,8.3,31141.0,79.0,41.4,Sales,0
46,15.4,62978.0,40.0,57.9,HR,0
54,25.6,86008.0,,52.2,Marketing,0
59,33.1,100644.0,44.0,80.4,HR,1
29,2.8,25000.0,90.0,37.7,Sales,0
32,7.2,36418.0,69.0,33.7,Engineering,0
43,14.8,54215.0,85.0,54.4,Sales,0
45,20.4,,72.0,58.6,Sales,0
38,14.3,51895.0,61.0,42.7,Engineering,0
33,7.8,35614.0,57.0,37.4,HR,0
53,13.8,58489.0,70.0,57.3,Sales,0
36,10.9,36043.0,33.0,25.3,Engineering,0
37,5.5,25000.0,83.0,32.6,Marketing,0
43,16.1,48441.0,67.0,47.2,Engineering,0
49,22.8,73241.0,73.0,59.4,Sales,0
41,10.1,41214.0,39.0,30.9,Marketing,0
54,21.7,67883.0,38.0,52.2,Sales,0
31,5.0,25000.0,19.0,24.5,Engineering,0
53,17.4,49131.0,48.0,,Marketing,0
54,15.6,62747.0,64.0,50.3,Sales,0
23,0.8,25000.0,37.0,27.3,Engineering,0
54,27.6,87074.0,27.0,59.3,Marketing,0
54,27.7,86641.0,50.0,59.7,Sales,0
34,4.9,25000.0,90.0,32.8,Engineering,1
51,23.9,75394.0,84.0,72.7,Sales,1
54,23.8,70641.0,74.0,65.2,Sales,1
34,5.4,25000.0,90.0,34.7,Sales,0
47,8.5,40195.0,55.0,35.7,HR,0
43,9.7,43476.0,69.0,40.8,Sales,0
23,0.8,25000.0,18.0,20.8,Marketing,0
59,25.2,72898.0,54.0,54.1,Engineering,1
47,18.3,55957.0,69.0,49.4,Engineering,0
36,6.4,36063.0,37.0,30.4,HR,1
55,24.1,73154.0,12.0,44.4,HR,0
32,3.2,25000.0,60.0,24.5,HR,0
24,1.1,25000.0,17.0,22.1,Sales,0
27,3.4,25000.0,79.0,32.5,Sales,0
30,3.1,25000.0,68.0,28.7,Marketing,0
27,4.0,,70.0,26.1,Engineering,0
30,3.5,26309.0,67.0,38.8,Engineering,0
52,20.7,64122.0,79.0,54.4,Sales,0
53,16.8,64860.0,21.0,48.7,Engineering,0
33,7.2,26492.0,18.0,20.0,Sales,0
29,2.6,25000.0,58.0,28.4,HR,0
29,2.2,25000.0,92.0,37.4,Sales,0
49,22.8,65912.0,26.0,42.3,Marketing,0
41,8.8,36660.0,63.0,37.0,Sales,0
28,4.8,36148.0,53.0,40.7,Sales,0
32,9.0,37628.0,41.0,42.1,Engineering,0
41,8.1,32026.0,44.0,29.5,Sales,0
37,6.9,,87.0,40.0,Marketing,0
25,2.1,25000.0,58.0,39.3,Sales,0
27,4.4,25000.0,63.0,34.9,Sales,0
43,17.8,57014.0,25.0,39.9,HR,0
47,15.0,52039.0,94.0,50.4,Sales,0
24,1.6,25000.0,21.0,25.6,Sales,0
35,5.0,25000.0,97.0,31.0,Sales,0
32,8.9,,17.0,29.6,Marketing,0
39,14.9,56660.0,30.0,45.4,Engineering,0
33,4.4,25000.0,57.0,30.7,HR,0
44,10.6,32770.0,17.0,24.0,HR,0
33,4.0,25000.0,37.0,20.9,Sales,0
34,5.6,29954.0,89.0,45.1,Sales,1
46,18.9,63808.0,19.0,45.1,Engineering,0
40,9.5,37263.0,61.0,,Sales,0
57,12.4,46657.0,24.0,35.5,Marketing,0
29,3.5,,13.0,20.2,Engineering,0
50,24.9,81384.0,99.0,68.9,Sales,1
53,21.0,67113.0,88.0,59.5,Engineering,0
39,9.3,30207.0,71.0,31.2,HR,0
27,2.0,25000.0,13.0,23.5,Sales,0
39,15.2,54094.0,50.0,41.6,Engineering,0
40,14.3,40029.0,82.0,34.3,Engineering,0
43,9.8,45785.0,64.0,33.5,Sales,0
58,12.3,45869.0,37.0,30.6,Engineering,0
53,10.4,43448.0,56.0,47.0,Sales,0
24,0.7,25000.0,18.0,20.3,Sales,0
49,17.5,,11.0,41.4,Marketing,0
31,7.7,26251.0,76.0,35.4,Marketing,0
56,20.3,68210.0,57.0,57.2,Engineering,0
50,22.6,67231.0,78.0,60.0,Engineering,0
36,7.9,25212.0,83.0,38.6,Engineering,0
54,23.2,69311.0,37.0,54.3,HR,0
28,4.4,25446.0,88.0,41.6,Sales,0
33,4.4,25000.0,23.0,24.4,Sales,0
51,15.0,48834.0,55.0,40.5,HR,0
42,13.6,50964.0,96.0,50.7,HR,0
52,10.3,37661.0,22.0,25.9,Engineering,0
45,11.9,33498.0,25.0,33.4,Sales,0
41,11.8,45284.0,49.0,38.0,Marketing,0
58,32.3,106381.0,81.0,83.1,Marketing,1
25,1.8,,90.0,36.3,HR,0
49,21.3,58513.0,39.0,46.3,HR,0
41,10.6,38682.0,90.0,45.3,Sales,1
45,17.9,56877.0,74.0,62.2,Sales,0
53,20.4,68791.0,67.0,63.8,Marketing,0
57,29.1,85614.0,97.0,76.6,Sales,1
55,18.0,59833.0,57.0,,Engineering,0
57,23.2,68000.0,58.0,54.4,HR,0
23,0.7,25000.0,98.0,39.8,Marketing,0
36,7.7,25000.0,11.0,20.0,Marketing,1
55,12.8,50687.0,98.0,64.1,Engineering,0
57,12.5,44597.0,23.0,34.4,Sales,0
27,1.6,25000.0,26.0,22.1,Sales,0
33,9.1,36619.0,40.0,29.1,HR,1
24,0.9,25000.0,19.0,23.0,Engineering,1
39,7.3,36715.0,79.0,34.5,Marketing,0
42,14.8,39149.0,98.0,56.5,Engineering,0
36,6.9,25000.0,46.0,32.5,Marketing,0
54,19.3,65108.0,73.0,62.9,Engineering,0
56,13.5,53409.0,39.0,36.5,Sales,0
47,21.9,61536.0,43.0,50.7,Marketing,0
29,5.7,25107.0,27.0,28.2,HR,0
57,28.6,,97.0,79.5,Engineering,1
51,15.8,45525.0,72.0,39.7,Sales,0
44,16.7,51197.0,58.0,42.5,Marketing,0
35,5.0,25572.0,65.0,27.8,Sales,0
35,4.0,25000.0,67.0,27.0,Engineering,0
23,0.3,25000.0,36.0,,HR,0
58,23.5,77567.0,64.0,54.9,HR,0
26,2.3,25000.0,94.0,38.7,Engineering,0
59,22.6,66024.0,28.0,43.2,Marketing,0
35,4.0,25000.0,32.0,,Sales,0
46,13.3,45058.0,56.0,31.2,Sales,0
41,13.9,41425.0,88.0,42.5,Marketing,0
23,0.6,25000.0,75.0,39.2,Engineering,0
27,3.7,25000.0,60.0,30.0,Sales,0
38,7.0,27535.0,93.0,31.0,Sales,0
46,18.9,59548.0,37.0,52.2,Engineering,1
49,17.6,57202.0,66.0,57.5,Sales,0
23,0.4,25000.0,67.0,30.6,Marketing,0
56,15.0,60767.0,24.0,55.5,Marketing,0
58,24.4,80510.0,25.0,62.8,Engineering,0
26,3.2,25000.0,56.0,31.3,Engineering,0
22,0.0,25000.0,72.0,27.0,Marketing,0
33,5.0,29540.0,21.0,27.0,Engineering,0
57,28.7,91231.0,52.0,72.3,Marketing,0
44,15.4,59312.0,93.0,,Marketing,0
52,17.1,56255.0,38.0,41.7,Marketing,0
32,5.9,25000.0,58.0,28.9,Sales,0
31,3.8,,12.0,20.0,Engineering,0
24,1.4,25000.0,78.0,21.5,Sales,0
35,6.7,35273.0,69.0,42.3,Engineering,0
37,13.5,,75.0,39.8,HR,0
31,5.3,25000.0,96.0,36.4,Sales,0
50,16.6,60542.0,99.0,61.8,Sales,0
31,5.8,25000.0,35.0,25.3,Sales,0
33,9.4,,80.0,42.3,HR,0
51,22.6,70131.0,83.0,64.7,Engineering,1
22,0.0,25000.0,78.0,34.6,HR,0
26,2.9,25000.0,56.0,31.5,Engineering,0
41,12.4,41634.0,85.0,53.4,Engineering,0
29,4.2,25000.0,51.0,28.0,Engineering,0
33,4.6,25000.0,40.0,25.0,Engineering,0
22,0.0,25000.0,31.0,20.0,Engineering,0
41,8.5,27938.0,26.0,26.0,HR,0
49,22.9,76814.0,93.0,73.1,Sales,1
58,18.0,59367.0,29.0,44.4,HR,0
58,31.4,95776.0,17.0,70.0,Sales,1
33,6.8,26251.0,58.0,27.6,Sales,0
58,24.4,,96.0,74.7,Marketing,1
49,16.9,59315.0,47.0,53.5,Sales,1
36,5.3,25000.0,62.0,33.6,HR,0
27,2.6,25000.0,37.0,24.7,Marketing,0
41,6.8,31818.0,86.0,33.2,Engineering,0
35,8.8,36678.0,38.0,29.0,Engineering,0
23,0.6,,81.0,35.8,Sales,0
30,6.1,25000.0,20.0,32.9,Engineering,0
58,15.6,62314.0,56.0,51.0,Engineering,0
41,7.6,25511.0,54.0,,Marketing,0
47,13.6,,27.0,35.2,HR,0
50,24.0,80095.0,59.0,60.3,Engineering,0
22,0.0,,98.0,32.9,Engineering,0
56,18.7,69400.0,58.0,47.5,HR,0
27,3.1,25000.0,31.0,29.6,Marketing,0
58,12.6,42513.0,54.0,28.0,Marketing,0
26,3.6,25000.0,70.0,29.3,Engineering,0
54,22.4,73191.0,30.0,48.9,Sales,0
35,6.1,39190.0,80.0,37.7,HR,0
33,7.2,25000.0,70.0,37.5,Marketing,1
41,6.9,28291.0,85.0,36.9,Engineering,0
45,20.2,60346.0,45.0,44.4,Marketing,0
55,13.4,49288.0,33.0,36.5,Engineering,0
46,16.5,54136.0,41.0,40.5,HR,0
50,12.5,41889.0,68.0,41.3,Sales,0
52,21.9,72691.0,99.0,69.1,HR,1
44,16.9,54379.0,84.0,62.5,Marketing,0
59,26.0,89427.0,91.0,68.2,Marketing,1
41,12.7,40807.0,14.0,29.8,Marketing,0
44,18.4,68507.0,25.0,49.1,Sales,0
37,5.2,25479.0,20.0,25.7,HR,0
29,3.5,25000.0,44.0,27.2,Engineering,0
42,9.0,35677.0,84.0,43.5,HR,0
22,0.0,25000.0,51.0,28.6,HR,0
29,3.7,25000.0,96.0,31.2,Sales,0
50,20.7,59816.0,90.0,63.9,HR,0
53,22.0,70342.0,19.0,54.7,Marketing,0
59,15.8,58060.0,91.0,61.5,Sales,0
26,1.8,25000.0,17.0,26.4,Marketing,0
43,9.8,44051.0,35.0,38.5,Marketing,0
55,18.0,60754.0,12.0,50.3,HR,0
22,0.0,25000.0,68.0,,Engineering,1
47,7.8,51320.0,97.0,52.5,HR,0
31,7.4,25000.0,12.0,20.0,Engineering,0
51,25.5,83894.0,47.0,,Sales,1
39,8.6,25679.0,11.0,20.0,Sales,0
38,8.0,32626.0,26.0,35.1,Sales,0
47,7.6,29127.0,82.0,37.3,Marketing,0
29,5.0,25000.0,45.0,26.1,Marketing,0
33,8.7,30236.0,95.0,41.1,Sales,0
48,10.1,39400.0,97.0,60.6,HR,0
29,2.8,25000.0,82.0,27.4,Marketing,0
46,18.6,61516.0,11.0,39.0,Marketing,0
25,2.0,25000.0,94.0,28.6,HR,0
54,10.5,42796.0,43.0,36.0,Marketing,0
22,0.0,25000.0,36.0,25.1,HR,0
40,8.7,33574.0,46.0,29.3,Engineering,0
52,15.6,53746.0,80.0,49.1,HR,0
37,11.4,35132.0,31.0,30.3,Engineering,0
35,10.2,38972.0,77.0,38.9,Marketing,0
26,2.2,25000.0,23.0,22.8,Engineering,0
47,21.7,66531.0,32.0,,HR,1
49,14.7,54011.0,53.0,50.0,Engineering,0
23,0.8,25000.0,98.0,40.7,Sales,0
27,3.0,25000.0,74.0,36.9,HR,1
30,6.7,32003.0,88.0,40.3,HR,0
54,27.0,77754.0,87.0,68.4,Engineering,1
46,8.5,29893.0,70.0,30.1,Marketing,0
34,10.3,39292.0,94.0,43.0,Marketing,0
30,6.4,33756.0,64.0,32.7,HR,0
34,9.3,30563.0,80.0,40.0,HR,0
52,12.6,49164.0,94.0,53.3,Engineering,0
32,7.8,25000.0,59.0,32.0,HR,1
25,2.4,25000.0,21.0,20.0,HR,0
55,15.6,61161.0,88.0,65.5,Marketing,0
59,32.2,100029.0,24.0,69.4,HR,1
25,1.0,25000.0,26.0,20.0,Engineering,0
59,14.4,59132.0,43.0,45.8,HR,0
40,11.2,29552.0,44.0,40.9,HR,0
27,3.2,25000.0,48.0,24.3,HR,0
55,22.7,74622.0,87.0,65.5,Sales,1
39,5.3,25000.0,64.0,28.5,HR,0
34,10.5,31178.0,68.0,33.6,Engineering,0
44,7.2,38335.0,14.0,24.4,Marketing,1
40,6.9,26542.0,39.0,26.2,Marketing,0
32,3.1,25000.0,13.0,24.6,Sales,0
22,0.0,25000.0,24.0,23.0,Engineering,0
45,19.8,59600.0,44.0,43.0,Marketing,0
28,4.2,25000.0,83.0,31.5,Marketing,0
46,19.0,62467.0,64.0,51.7,HR,0
42,6.2,35373.0,75.0,38.8,HR,0
36,8.8,29542.0,69.0,40.1,HR,0
22,0.0,25000.0,33.0,22.5,Sales,0
33,6.6,25000.0,31.0,,HR,0
28,2.1,25000.0,53.0,36.2,Engineering,0
36,9.9,37254.0,41.0,37.4,Sales,0
42,12.0,46319.0,92.0,52.1,Marketing,1
40,13.7,49030.0,60.0,54.5,Marketing,0
50,16.6,46342.0,94.0,52.1,Engineering,0
46,9.4,35015.0,12.0,20.0,Engineering,0
54,22.0,66364.0,79.0,64.2,Marketing,0
53,12.5,45605.0,41.0,30.6,Engineering,0
56,28.0,86244.0,11.0,62.0,Engineering,0
59,24.7,84782.0,97.0,67.4,Engineering,1
47,9.9,40326.0,68.0,38.1,HR,0
32,8.8,38689.0,82.0,40.4,Marketing,0
56,20.8,65302.0,86.0,56.9,Engineering,0
29,2.4,25000.0,23.0,20.0,Engineering,0
35,8.8,39776.0,60.0,,HR,0
31,4.1,25000.0,20.0,20.0,Marketing,0
23,0.8,25000.0,87.0,36.8,Sales,0
30,6.3,26939.0,89.0,30.9,Marketing,0
24,1.8,,19.0,20.0,Marketing,0
42,12.0,43196.0,93.0,49.0,Marketing,0
47,14.3,46205.0,89.0,43.6,HR,0
29,5.3,25000.0,67.0,23.5,Marketing,0
23,0.4,25000.0,43.0,27.7,Sales,0
27,3.1,25000.0,89.0,40.1,Engineering,0
49,16.9,63011.0,87.0,59.0,Marketing,0
50,9.9,38370.0,62.0,35.7,HR,0
47,13.8,43781.0,37.0,37.4,Marketing,0
46,19.5,75435.0,27.0,56.0,Marketing,0
33,9.0,33272.0,35.0,30.4,Sales,0
26,1.4,25000.0,16.0,20.0,Sales,0
55,11.7,48359.0,54.0,37.7,HR,0
58,16.5,59583.0,54.0,46.3,HR,0
36,11.5,38411.0,80.0,,HR,0
57,13.2,36081.0,44.0,33.8,HR,0
36,10.2,30984.0,61.0,36.0,HR,0
44,7.9,34596.0,30.0,30.4,Engineering,0
27,3.4,25000.0,37.0,20.0,Engineering,0
42,10.3,38708.0,53.0,43.6,HR,0
44,17.0,59006.0,89.0,,HR,0
37,6.6,31766.0,65.0,27.9,Engineering,0
36,9.6,37791.0,19.0,30.7,Sales,0
46,10.6,45092.0,32.0,33.5,Engineering,0
57,25.5,88878.0,57.0,71.3,HR,1
32,8.2,35581.0,61.0,41.2,Sales,0
36,5.3,25034.0,24.0,32.1,HR,0
25,2.5,25000.0,64.0,33.2,Marketing,0
42,13.1,45923.0,52.0,,Sales,0
34,4.5,25000.0,59.0,26.8,HR,0
43,11.7,47738.0,15.0,35.7,Engineering,0
40,7.1,32611.0,42.0,36.9,HR,0
55,23.8,74095.0,71.0,63.4,Engineering,0
35,9.8,41620.0,64.0,36.1,Sales,0
25,1.1,25000.0,48.0,20.0,Engineering,0
48,15.7,48921.0,21.0,39.4,Sales,0
50,22.1,70196.0,40.0,56.0,HR,0
49,23.3,68829.0,83.0,59.3,Engineering,0
56,20.7,73231.0,62.0,66.4,Sales,1
29,6.1,25000.0,43.0,23.2,Sales,1
37,9.3,33773.0,50.0,31.8,Sales,0
57,18.8,68799.0,19.0,49.6,Marketing,0
51,23.5,70489.0,61.0,57.4,Sales,0
39,10.1,39006.0,84.0,44.0,HR,0
23,0.6,25000.0,66.0,35.6,HR,0
34,7.1,29172.0,87.0,31.1,HR,0
25,2.4,25000.0,12.0,21.5,Sales,0
47,20.0,63889.0,66.0,56.7,HR,0
46,13.0,46468.0,42.0,40.1,Sales,0
51,14.5,53770.0,16.0,43.4,Sales,0
32,6.0,25000.0,13.0,20.0,Sales,0
28,3.9,25000.0,48.0,28.7,Marketing,0
52,13.3,55706.0,57.0,52.1,Engineering,0
31,7.0,25000.0,83.0,30.7,HR,0
34,7.1,36785.0,88.0,43.6,Marketing,0
52,15.0,51583.0,25.0,38.1,HR,1
28,2.2,25000.0,47.0,25.4,Marketing,0
57,15.5,54400.0,13.0,37.3,Engineering,0
41,16.5,57087.0,13.0,43.0,Engineering,0
25,1.4,25000.0,36.0,24.3,Engineering,0
28,2.4,25000.0,,37.6,Engineering,0
22,0.0,25000.0,95.0,35.6,Sales,1
34,5.8,31900.0,26.0,20.0,HR,0
43,6.7,28039.0,79.0,34.6,HR,0
42,9.9,35262.0,63.0,36.4,HR,0
43,13.2,40133.0,17.0,31.4,Sales,1
49,17.0,65038.0,62.0,52.8,HR,0
30,4.1,25000.0,14.0,20.0,Engineering,1
47,14.2,55600.0,78.0,55.8,HR,0
30,7.0,25000.0,56.0,26.5,HR,0
36,7.4,35143.0,83.0,40.9,Marketing,1
31,4.1,25000.0,49.0,25.1,Sales,0
45,10.3,38108.0,16.0,28.6,Engineering,0
29,4.0,25000.0,21.0,20.0,Engineering,0
45,17.4,53735.0,34.0,37.8,Engineering,0
37,6.4,25000.0,37.0,26.4,HR,0
47,18.1,64676.0,52.0,50.5,Engineering,0
48,8.1,35451.0,86.0,41.7,Engineering,0
58,19.8,61324.0,56.0,54.1,Marketing,0
25,2.3,25000.0,58.0,25.3,HR,0
45,11.6,41845.0,95.0,40.9,Marketing,0
40,11.5,30055.0,63.0,44.8,Sales,0
57,14.8,53117.0,27.0,38.2,HR,0
31,6.7,29666.0,36.0,30.1,Marketing,0
46,8.0,33112.0,81.0,,Sales,0
39,13.8,47472.0,15.0,38.6,Marketing,0
40,7.5,33173.0,84.0,37.4,Sales,0
57,28.9,87637.0,78.0,73.7,Engineering,1
31,4.6,25000.0,80.0,,Engineering,0
54,23.5,82237.0,31.0,,HR,1
26,2.0,25000.0,68.0,33.1,Marketing,0
56,28.7,86826.0,56.0,66.5,Marketing,1
55,12.4,59148.0,77.0,49.6,Sales,0
54,13.0,49553.0,41.0,34.6,HR,0
42,11.9,42176.0,92.0,51.4,Engineering,0
38,5.6,25000.0,10.0,20.0,Marketing,0
43,8.8,41272.0,63.0,41.2,Sales,0
58,31.2,90705.0,55.0,67.4,Engineering,1
36,12.4,46431.0,50.0,33.6,Engineering,0
56,17.9,60166.0,50.0,54.9,Engineering,0
49,23.1,68701.0,17.0,49.4,Sales,0
28,3.8,25000.0,41.0,29.4,Sales,0
53,14.3,51418.0,39.0,40.1,Engineering,1
32,7.2,25111.0,55.0,26.6,Sales,0
31,6.3,30614.0,61.0,36.2,Engineering,0
30,7.1,25000.0,98.0,39.9,Engineering,0
35,6.0,,70.0,35.5,Engineering,0
34,8.4,33887.0,22.0,25.5,Sales,0
46,7.9,34199.0,98.0,45.5,HR,0
23,0.4,25000.0,49.0,32.0,HR,0
56,10.3,40382.0,70.0,40.4,Sales,0
28,5.4,25013.0,53.0,24.7,Marketing,0
42,15.6,54861.0,71.0,57.5,Sales,0
39,13.1,49291.0,53.0,40.2,Marketing,0
24,1.2,25000.0,57.0,31.2,Engineering,0
32,4.8,25000.0,83.0,33.0,Marketing,0
45,9.0,40506.0,68.0,31.4,Engineering,0
40,8.5,31193.0,66.0,39.6,HR,0
25,1.6,25000.0,20.0,20.0,Engineering,0
47,18.8,57593.0,34.0,35.3,Marketing,0
59,23.1,70290.0,70.0,63.5,HR,0
53,10.7,45979.0,55.0,44.3,HR,1
57,10.9,55760.0,63.0,46.6,Sales,0
58,13.0,47120.0,43.0,,Marketing,0
54,17.5,57617.0,93.0,44.4,Marketing,0
57,30.1,92427.0,16.0,68.4,Sales,1
24,1.4,25000.0,71.0,32.1,Sales,0
30,6.2,25000.0,66.0,29.6,HR,0
29,4.1,25000.0,85.0,33.8,Sales,0
54,16.5,52980.0,14.0,40.6,HR,0
27,1.8,25000.0,85.0,33.5,Marketing,0
25,2.5,,44.0,20.0,Sales,0
34,9.2,37705.0,93.0,54.7,Marketing,0
23,0.4,25000.0,46.0,31.9,HR,0
26,2.4,25000.0,69.0,24.0,Engineering,0
48,15.4,52213.0,74.0,47.9,Engineering,0
53,20.9,69381.0,25.0,50.1,Marketing,0
42,17.4,53897.0,39.0,49.1,HR,0
29,4.5,25000.0,82.0,22.3,HR,0
59,23.1,70554.0,51.0,54.7,Engineering,0
29,2.3,25000.0,70.0,21.9,HR,0
24,0.7,25000.0,83.0,31.8,HR,0
24,0.8,25000.0,86.0,31.5,Marketing,0
43,6.7,32046.0,57.0,33.2,Engineering,1
27,3.7,25000.0,71.0,27.8,HR,1
23,0.7,25000.0,93.0,31.5,Marketing,0
44,8.4,35671.0,73.0,41.5,Sales,0
23,0.8,25000.0,66.0,32.1,Engineering,0
59,14.5,50389.0,77.0,51.7,Marketing,0
38,7.7,25000.0,55.0,26.8,Sales,0
56,15.3,52985.0,37.0,39.9,HR,0
55,17.3,56114.0,86.0,54.0,HR,0
44,10.0,37366.0,12.0,29.8,Sales,0
51,17.2,52970.0,46.0,33.6,Marketing,0
29,3.8,25000.0,57.0,30.0,HR,0
43,18.7,55996.0,28.0,44.5,HR,0
57,11.7,44531.0,92.0,48.4,Marketing,0
26,1.5,25000.0,26.0,21.1,Marketing,0
34,4.0,25816.0,91.0,22.6,Sales,0
50,18.9,71043.0,91.0,63.4,HR,1
52,10.0,49737.0,96.0,61.3,Marketing,0
37,12.0,34691.0,49.0,33.0,Engineering,0
51,17.6,57434.0,59.0,48.6,Sales,1
37,9.2,31283.0,82.0,37.3,Sales,0
33,7.0,29252.0,38.0,28.9,Sales,0
38,6.4,28946.0,60.0,34.6,Sales,0
37,6.3,25000.0,51.0,25.7,Engineering,1
33,5.4,25000.0,,,Sales,0
29,4.6,25000.0,75.0,40.0,Sales,1
41,8.1,25000.0,26.0,26.9,Marketing,0
24,0.7,25000.0,40.0,36.4,HR,1
37,13.2,48434.0,61.0,41.2,Sales,0
51,9.1,45374.0,48.0,48.2,Marketing,0
44,17.2,62939.0,69.0,51.8,Marketing,0
49,20.9,71496.0,60.0,61.4,HR,0
26,1.9,25000.0,93.0,38.9,Marketing,0
41,7.2,25000.0,25.0,20.0,Marketing,0
22,0.0,25000.0,23.0,21.7,Sales,0
51,20.8,64384.0,99.0,67.3,Sales,1
42,13.7,47286.0,93.0,46.6,Marketing,0
41,14.6,43761.0,51.0,47.7,Engineering,0
27,4.3,25000.0,60.0,21.7,HR,0
43,15.0,53659.0,33.0,52.1,Marketing,0
39,6.7,26078.0,91.0,40.6,Marketing,0
29,3.1,25000.0,52.0,26.6,Engineering,0
53,25.0,85305.0,82.0,71.3,HR,1
54,13.6,50376.0,28.0,36.6,Marketing,0
37,5.2,33806.0,,40.5,Marketing,0
33,7.9,30112.0,70.0,33.8,Sales,0
59,20.0,68511.0,72.0,66.4,Marketing,1
55,28.1,81928.0,35.0,71.5,Engineering,1
35,9.0,30882.0,44.0,30.4,Marketing,0
57,12.4,40306.0,76.0,,HR,0
54,27.8,78982.0,65.0,62.9,HR,0
44,10.0,41906.0,49.0,36.8,Engineering,0
23,0.5,25000.0,38.0,20.0,Marketing,0
42,10.8,37487.0,15.0,22.1,Marketing,0
23,0.3,25000.0,61.0,39.4,Marketing,0
48,15.5,51222.0,10.0,37.7,Marketing,0
30,3.0,25000.0,61.0,24.7,Marketing,0
22,0.0,25000.0,33.0,27.3,HR,0
32,5.1,25000.0,43.0,20.0,Sales,0
24,1.5,25000.0,16.0,20.0,HR,1
44,17.2,64825.0,84.0,56.0,Sales,0
47,9.8,41074.0,20.0,39.7,HR,0
25,1.6,25000.0,45.0,24.4,Engineering,0
39,8.9,40054.0,29.0,20.3,Marketing,0
27,2.0,25000.0,72.0,37.1,Sales,0
56,26.5,92371.0,89.0,77.8,HR,0
43,15.2,56394.0,72.0,42.7,Sales,0
36,5.8,27744.0,78.0,32.5,Marketing,0
43,10.9,39523.0,97.0,48.4,Engineering,1
58,13.1,43464.0,39.0,38.8,Marketing,0
33,7.4,26743.0,39.0,34.6,HR,0
59,13.8,54442.0,93.0,50.6,HR,0
39,15.2,44178.0,31.0,35.9,Sales,1
56,26.1,81701.0,70.0,65.0,Engineering,0
51,15.5,48132.0,30.0,30.4,Engineering,0
45,14.9,48827.0,46.0,46.2,HR,0
51,24.6,70037.0,36.0,56.2,Sales,0
35,8.2,25000.0,44.0,26.9,Marketing,0
27,2.0,25000.0,47.0,28.2,Marketing,0
24,1.1,25000.0,69.0,27.0,HR,0
37,12.1,38921.0,79.0,,HR,0
28,4.1,25000.0,41.0,25.1,Marketing,0
35,9.0,46616.0,89.0,54.7,Marketing,0
30,6.6,28537.0,89.0,44.9,Marketing,0
36,11.7,43624.0,36.0,40.3,Sales,0
42,17.0,51223.0,12.0,36.7,Engineering,1
56,12.1,49574.0,58.0,46.0,HR,0
23,0.6,25000.0,94.0,35.5,HR,0
48,19.4,58983.0,,42.0,Sales,0
23,0.8,25000.0,31.0,23.0,Marketing,0
56,22.6,76164.0,28.0,49.7,Sales,0
39,6.8,31312.0,40.0,28.3,Marketing,0
35,10.1,30891.0,29.0,34.6,HR,0
41,13.9,40699.0,28.0,36.8,Engineering,1
39,6.0,26412.0,11.0,20.0,Sales,0
31,5.2,25000.0,49.0,26.1,Marketing,0
46,9.7,41113.0,48.0,32.8,HR,0
23,0.5,25000.0,81.0,32.6,Engineering,0
46,7.5,32878.0,63.0,39.7,Sales,0
54,17.3,63589.0,36.0,52.9,Sales,0
57,22.0,,88.0,78.7,HR,1
52,20.2,61742.0,21.0,51.3,Sales,0
35,9.1,,87.0,39.9,HR,0
22,0.0,25000.0,80.0,36.1,Sales,0
37,6.4,31745.0,26.0,25.4,Engineering,0
24,0.7,25000.0,99.0,30.8,Engineering,0
56,27.6,82943.0,,80.4,Sales,1
27,2.0,25000.0,19.0,25.5,HR,0
46,21.2,68704.0,28.0,50.2,Marketing,0
34,9.7,42178.0,91.0,47.7,Sales,1
55,19.8,66436.0,39.0,58.3,Marketing,0
29,6.2,25000.0,39.0,28.7,HR,0
42,7.2,36485.0,34.0,23.8,Marketing,0
55,15.9,53366.0,97.0,,Sales,0
25,2.0,25000.0,83.0,32.4,Engineering,0
46,12.2,45229.0,75.0,50.7,HR,0
36,12.0,41028.0,44.0,41.3,Engineering,0
25,1.0,25000.0,60.0,35.3,Engineering,0
33,6.9,25000.0,80.0,27.1,Engineering,0
53,20.3,61639.0,80.0,53.2,Sales,0
53,21.4,75011.0,36.0,62.8,HR,0
49,12.2,47344.0,19.0,32.4,Marketing,0
34,6.2,35246.0,52.0,26.3,Engineering,1
52,24.2,70911.0,64.0,62.7,Marketing,0
35,5.4,25000.0,80.0,29.9,HR,0
41,15.1,55866.0,15.0,49.2,HR,0
39,10.8,35871.0,15.0,28.4,Marketing,0
50,21.2,65573.0,86.0,61.7,Marketing,0
27,3.6,25000.0,57.0,26.2,Engineering,0
53,13.2,46673.0,86.0,56.3,Marketing,0
50,18.0,62659.0,11.0,45.8,Marketing,0
23,0.8,25000.0,92.0,33.0,Sales,0
44,12.3,,60.0,42.8,Engineering,0
40,15.8,46702.0,70.0,44.8,Engineering,0
52,17.1,47764.0,28.0,32.6,HR,0
26,1.5,25000.0,11.0,24.0,Marketing,0
40,9.6,34113.0,60.0,25.7,Sales,0
55,28.7,87360.0,35.0,64.5,HR,0
31,4.4,25000.0,79.0,35.5,Sales,0
46,19.7,66274.0,29.0,51.7,Engineering,0
23,0.8,25000.0,32.0,20.0,Marketing,0
32,5.1,25000.0,63.0,32.6,Sales,0
52,10.5,45721.0,24.0,30.9,HR,0
36,10.3,40095.0,15.0,29.6,Engineering,0
30,3.9,25000.0,44.0,,Sales,0
44,16.9,51284.0,84.0,53.3,Sales,0
40,10.2,31065.0,17.0,20.7,HR,0
30,4.7,25000.0,66.0,35.9,Sales,0
56,26.1,83739.0,59.0,68.1,Engineering,0
42,10.6,40890.0,58.0,42.6,Sales,0
30,4.5,25000.0,97.0,43.7,Marketing,0
49,14.2,49176.0,30.0,44.4,Marketing,0
28,3.1,25000.0,45.0,31.3,HR,0
37,9.2,32094.0,80.0,38.4,Marketing,0
37,11.8,44486.0,78.0,49.2,Marketing,0
54,16.5,52102.0,67.0,49.2,Sales,0
25,1.8,25000.0,72.0,25.0,Engineering,0
25,2.1,25000.0,25.0,23.2,Engineering,0
38,7.4,28060.0,15.0,23.0,Sales,0
58,16.8,53856.0,87.0,56.2,Marketing,0
50,24.1,77910.0,61.0,63.5,Sales,0
57,25.7,78489.0,11.0,50.7,Marketing,0
59,23.9,73226.0,98.0,71.7,Marketing,1
58,24.8,78528.0,86.0,63.0,Marketing,0
56,10.8,39334.0,27.0,38.9,Engineering,0
28,4.0,25000.0,90.0,33.5,HR,0
48,15.7,51852.0,85.0,52.8,Engineering,0
49,16.9,54387.0,44.0,47.9,Marketing,1
43,10.8,37368.0,95.0,46.9,Sales,0
35,4.5,26728.0,48.0,20.4,Sales,0
28,2.5,25000.0,10.0,22.8,Marketing,0
58,31.3,87104.0,46.0,68.8,HR,1
43,11.4,45815.0,30.0,33.4,Engineering,0
26,2.3,25000.0,10.0,20.0,Engineering,0
23,0.3,25000.0,13.0,20.0,Marketing,0
48,8.4,39840.0,67.0,33.5,Marketing,0
42,14.6,49175.0,10.0,43.4,HR,0
59,23.0,78300.0,22.0,64.0,Engineering,1
36,8.5,29728.0,55.0,33.1,HR,0
42,8.9,39088.0,56.0,36.1,Engineering,0
31,6.7,27141.0,90.0,35.1,HR,0
44,8.8,28315.0,85.0,39.7,HR,0
26,1.7,25000.0,16.0,28.7,HR,0
22,0.0,25000.0,60.0,25.8,Sales,0
34,5.7,25000.0,12.0,20.0,Sales,0
42,9.0,32887.0,59.0,41.5,Sales,1
47,17.2,55253.0,35.0,34.9,Engineering,0
42,13.8,48248.0,40.0,35.1,HR,0
39,13.5,40512.0,71.0,40.0,Marketing,0
58,19.8,59057.0,35.0,38.6,Marketing,0
53,10.7,37328.0,76.0,45.6,Engineering,0
57,16.2,59509.0,64.0,56.8,Engineering,1
38,14.2,46090.0,37.0,35.3,Marketing,0
56,22.4,78366.0,53.0,69.2,HR,1
32,7.3,27525.0,90.0,,Sales,0
42,6.1,32063.0,47.0,30.2,Engineering,0
47,15.3,,39.0,38.1,Engineering,0
25,1.0,25000.0,75.0,43.0,Engineering,1
55,21.2,69548.0,17.0,53.4,Marketing,0
39,14.5,47215.0,23.0,37.4,Sales,0
56,30.0,90598.0,71.0,81.4,HR,0
50,17.5,54389.0,84.0,54.6,HR,1
50,16.1,47322.0,72.0,43.4,Marketing,0
59,32.1,101105.0,88.0,85.4,Engineering,1
42,14.1,50446.0,75.0,53.8,Marketing,0
34,4.1,25000.0,49.0,20.0,Marketing,0
38,9.3,36544.0,22.0,27.3,HR,0
30,3.6,25000.0,26.0,28.8,Sales,0
22,0.0,25000.0,24.0,20.0,HR,0
23,0.6,25000.0,42.0,32.8,Marketing,0
50,18.2,59866.0,25.0,52.0,Marketing,0
54,16.4,56167.0,22.0,41.5,Engineering,0
31,3.6,25000.0,95.0,32.8,Engineering,0
42,12.0,,32.0,38.5,Marketing,0
49,21.5,67831.0,45.0,67.5,HR,1
32,7.0,30816.0,52.0,40.3,Engineering,0
55,16.6,,59.0,50.6,Sales,0
29,6.0,29055.0,83.0,32.9,Sales,0
43,17.8,61164.0,90.0,59.4,Marketing,0
29,3.0,25000.0,22.0,22.3,Sales,0
36,4.5,25000.0,,20.0,Sales,0
38,11.9,43585.0,66.0,42.7,Engineering,0
44,17.5,53673.0,39.0,50.2,Engineering,0
45,20.3,65203.0,80.0,50.5,HR,0
40,15.0,47721.0,19.0,39.7,Engineering,0
26,2.6,25000.0,75.0,38.5,HR,0
53,19.2,63095.0,92.0,57.7,Engineering,0
22,0.0,25000.0,48.0,34.7,Marketing,0
44,9.9,43477.0,46.0,34.7,HR,0
58,20.7,70348.0,12.0,51.5,Marketing,0
29,4.7,25000.0,98.0,34.7,HR,0
34,7.6,31300.0,43.0,27.9,Sales,0
29,5.2,25000.0,95.0,32.6,HR,0
44,10.3,49401.0,47.0,45.8,HR,0
22,0.0,25000.0,23.0,25.5,HR,0
45,8.1,25000.0,73.0,30.9,HR,0
56,18.6,69285.0,48.0,49.0,HR,0
45,17.3,52993.0,63.0,49.9,Sales,0
38,11.5,45369.0,11.0,34.6,HR,0
26,3.6,25000.0,52.0,26.0,Marketing,0
41,8.9,26698.0,62.0,39.5,HR,0
42,12.0,,12.0,,HR,1
52,14.9,53789.0,50.0,34.8,Marketing,1
57,19.8,72359.0,17.0,48.0,Engineering,0
32,8.1,32461.0,99.0,45.0,Engineering,0
36,9.9,29353.0,84.0,,Sales,0
40,14.9,54261.0,72.0,45.7,HR,0
28,2.5,25000.0,74.0,36.2,HR,0
49,22.2,78801.0,88.0,72.4,Engineering,1
26,1.3,25000.0,13.0,21.2,HR,0
26,3.3,,77.0,36.0,Sales,0
51,14.4,47190.0,19.0,33.1,Marketing,0
53,15.2,,84.0,49.2,HR,0
29,4.3,25000.0,59.0,32.5,Marketing,0
31,7.8,34682.0,,22.8,Sales,0
59,12.2,41542.0,70.0,31.0,Engineering,0
53,15.9,59673.0,56.0,48.8,Sales,0
49,22.0,73843.0,12.0,56.3,Sales,0
38,8.6,39788.0,26.0,33.0,Sales,0
52,12.6,47319.0,31.0,42.0,Sales,0
29,3.9,25000.0,25.0,20.0,Marketing,0
46,12.8,44941.0,89.0,49.3,Sales,0
30,6.8,28973.0,12.0,25.0,Sales,0
23,0.8,25000.0,61.0,22.1,Sales,0
36,8.4,33634.0,42.0,35.1,Sales,0
24,1.8,25000.0,51.0,26.3,Marketing,0
57,20.3,70760.0,11.0,64.7,Sales,0
25,1.0,25000.0,48.0,20.0,Engineering,0
35,5.9,25000.0,55.0,34.5,Sales,0
46,13.5,43631.0,57.0,38.5,Sales,0
31,3.5,25000.0,36.0,20.0,HR,0
42,17.4,46214.0,24.0,33.0,HR,0
57,26.6,78054.0,16.0,56.6,HR,0
33,5.1,,66.0,35.1,Sales,0
48,17.0,56371.0,51.0,56.4,Engineering,1
23,0.7,25000.0,18.0,27.4,Engineering,0
34,10.4,35174.0,15.0,21.6,HR,1
53,25.7,81390.0,66.0,73.1,HR,1
52,18.3,59261.0,85.0,58.5,Sales,0
37,11.5,,39.0,31.2,Engineering,0
53,19.8,,64.0,56.8,Engineering,0
53,19.6,,93.0,63.2,HR,0
55,12.2,44427.0,93.0,48.4,Engineering,0
32,3.8,25000.0,63.0,,HR,0
31,5.6,27646.0,36.0,20.5,HR,0
36,6.5,25000.0,93.0,37.7,Marketing,1
38,5.0,33889.0,68.0,39.3,Marketing,0
39,12.5,48845.0,16.0,34.8,Sales,0
30,2.6,25000.0,49.0,33.3,HR,0
46,15.8,55157.0,81.0,51.7,Sales,0
35,8.1,27928.0,11.0,20.0,Marketing,0
46,21.2,64813.0,23.0,51.1,Engineering,0
43,12.4,45653.0,19.0,33.6,Marketing,0
51,9.8,45052.0,59.0,42.3,Marketing,0
41,12.0,39971.0,27.0,20.0,Marketing,0
42,16.1,50588.0,27.0,39.2,Engineering,0
53,27.8,87261.0,25.0,54.0,Marketing,0
42,11.2,43460.0,61.0,35.1,HR,0
56,16.7,53514.0,,44.6,HR,1
53,26.2,90018.0,61.0,67.0,Marketing,1
51,12.0,42083.0,40.0,33.3,Sales,0
33,7.4,33223.0,93.0,38.3,Sales,0
39,9.2,,32.0,34.4,Engineering,0
42,6.5,31882.0,51.0,32.6,Engineering,0
34,6.1,,90.0,25.2,HR,0
42,9.2,26981.0,71.0,32.6,HR,0
29,5.0,25000.0,86.0,35.5,Marketing,0
28,5.2,25000.0,59.0,26.8,Sales,0
44,10.1,33660.0,86.0,39.3,HR,0
53,24.4,81490.0,90.0,73.3,Sales,1
32,3.3,,24.0,25.3,Engineering,0
43,13.1,41605.0,99.0,39.7,Engineering,0
43,7.2,33825.0,53.0,31.9,Marketing,0
46,20.7,68608.0,51.0,63.5,Marketing,0
43,16.0,49318.0,54.0,50.8,HR,0
49,18.8,67867.0,44.0,58.3,Sales,0
50,22.2,81716.0,31.0,63.4,HR,0
34,8.3,25500.0,83.0,41.9,HR,0
39,15.0,48282.0,,58.6,Sales,0
23,0.7,25000.0,47.0,25.4,HR,0
50,23.9,86151.0,79.0,68.4,Marketing,1
42,12.2,39431.0,73.0,39.5,Sales,0
36,5.2,25000.0,16.0,35.4,Sales,0
48,16.0,49668.0,53.0,35.9,HR,0
52,11.3,49957.0,85.0,48.0,Sales,1
36,9.2,30261.0,16.0,20.0,Marketing,0
44,13.0,41449.0,75.0,43.3,Marketing,0
45,15.5,53405.0,69.0,43.4,Engineering,0
34,3.7,25000.0,10.0,20.0,Engineering,0
43,8.8,,71.0,31.3,Engineering,0
58,21.4,71360.0,96.0,69.9,Engineering,1
54,27.8,86945.0,98.0,,HR,1
24,1.1,25000.0,,20.1,Engineering,0
40,10.0,30478.0,16.0,22.8,Engineering,0
44,16.0,52202.0,63.0,46.6,Engineering,0
50,18.5,61564.0,76.0,57.1,Engineering,0
51,13.9,47831.0,19.0,35.5,HR,0
46,13.1,38728.0,70.0,43.7,Engineering,0
58,15.5,50475.0,68.0,53.4,Sales,0
29,6.2,25000.0,68.0,26.2,Marketing,0
37,5.7,30014.0,78.0,34.1,Sales,0
29,3.7,26361.0,72.0,36.5,HR,0
22,0.0,25000.0,17.0,20.0,HR,0
26,1.7,25000.0,87.0,24.2,HR,0
24,1.5,25000.0,64.0,30.6,Marketing,0
22,0.0,25000.0,,22.1,Engineering,0
25,1.0,25000.0,10.0,20.0,HR,0
56,19.9,77238.0,65.0,61.6,Engineering,0
53,9.5,,84.0,37.1,HR,0
55,11.6,39540.0,97.0,41.4,Marketing,0
46,18.8,65832.0,19.0,51.2,Sales,0
31,6.9,28140.0,32.0,20.0,Sales,0
42,17.0,56775.0,25.0,41.5,Marketing,0
48,21.1,75091.0,25.0,50.5,Engineering,0
48,18.5,53818.0,65.0,41.6,HR,0
23,0.3,,15.0,24.0,Sales,0
34,9.2,32391.0,,26.8,Marketing,0
30,6.5,25567.0,72.0,32.4,Engineering,0
57,27.3,83575.0,10.0,50.2,Sales,0
43,12.7,56954.0,60.0,46.3,Marketing,0
47,11.0,40049.0,98.0,50.1,HR,0
33,8.9,29396.0,55.0,43.5,Marketing,0
38,11.8,,,23.8,Engineering,0
35,11.5,44104.0,47.0,37.8,Sales,0
35,5.1,25000.0,78.0,34.3,HR,1
55,14.4,51765.0,72.0,45.8,Engineering,0
41,8.1,37546.0,59.0,41.1,Marketing,0
32,7.8,34374.0,21.0,22.8,Sales,0
37,6.2,27688.0,78.0,34.8,Sales,0
52,10.2,53192.0,82.0,49.3,Engineering,0
27,4.5,29253.0,53.0,36.2,HR,0
40,5.7,25000.0,61.0,25.5,Engineering,0
58,28.8,80940.0,18.0,55.8,Sales,0
25,1.6,25000.0,74.0,36.2,Sales,0
25,2.4,25000.0,19.0,20.0,Sales,0
41,12.0,41176.0,55.0,38.8,HR,0
31,7.6,25789.0,67.0,21.5,Sales,1
45,19.7,58649.0,46.0,42.9,Sales,0
56,10.4,36960.0,61.0,38.8,Engineering,0
47,8.6,41282.0,90.0,40.6,Sales,0
58,16.2,55994.0,22.0,39.0,Marketing,0
59,26.0,84209.0,15.0,61.6,Engineering,0
42,16.7,45221.0,67.0,40.7,Sales,0
42,11.5,46361.0,57.0,46.4,Engineering,0
31,6.0,27239.0,41.0,27.4,Engineering,0
59,15.3,49227.0,20.0,39.0,Marketing,0
25,2.3,25000.0,90.0,40.9,Engineering,0
41,16.7,54074.0,14.0,40.4,Engineering,0
38,7.4,27649.0,15.0,29.1,HR,0
28,3.6,25000.0,83.0,,Sales,0
25,1.1,25000.0,30.0,20.0,HR,0
50,17.8,61012.0,51.0,57.3,Sales,1
35,7.8,27257.0,90.0,37.5,Engineering,0
24,0.8,25000.0,36.0,21.9,Sales,0
45,13.0,53484.0,12.0,39.4,Engineering,0
58,18.0,62012.0,69.0,60.7,Sales,1
37,9.2,25000.0,75.0,33.9,Engineering,0
25,2.0,25000.0,58.0,37.4,Sales,0
45,7.0,31497.0,43.0,,Sales,0
55,25.0,74873.0,46.0,61.7,Sales,0
51,21.1,71724.0,51.0,52.9,Engineering,1
39,8.8,26389.0,74.0,31.5,Sales,0
40,6.0,26311.0,69.0,31.7,Engineering,0
52,22.6,64731.0,99.0,66.4,HR,1
40,15.7,49772.0,10.0,38.4,Sales,1
40,8.0,35541.0,68.0,38.1,Marketing,0
43,10.4,38092.0,13.0,28.6,Marketing,0
45,9.4,35900.0,23.0,32.1,Engineering,0
33,7.1,27789.0,27.0,20.0,Marketing,0
51,11.4,44189.0,43.0,46.5,Engineering,0
59,19.0,68669.0,10.0,37.5,Engineering,1
52,21.5,72849.0,,68.2,Marketing,1
57,22.3,79958.0,,59.3,Marketing,0
40,9.6,36838.0,89.0,47.4,HR,0
57,19.3,57046.0,70.0,53.8,Engineering,0
51,18.5,65840.0,31.0,,Marketing,0
54,9.7,47199.0,59.0,46.0,HR,0
39,5.9,38758.0,25.0,34.9,HR,0
49,22.4,77959.0,37.0,57.7,Engineering,0
32,3.5,25000.0,95.0,40.8,Sales,0
54,23.2,75136.0,79.0,60.5,Marketing,0
38,13.6,44047.0,98.0,48.9,Marketing,0
27,2.3,25000.0,51.0,31.0,Marketing,0
25,1.6,25000.0,75.0,36.6,Marketing,0
41,12.2,49229.0,80.0,51.1,Marketing,0
48,21.6,60454.0,90.0,56.3,Marketing,0
36,12.1,36037.0,44.0,37.3,HR,0
27,3.7,25000.0,29.0,20.0,Engineering,0
35,4.6,29268.0,11.0,30.5,HR,0
32,7.0,25000.0,16.0,20.0,Marketing,0
30,4.4,28254.0,58.0,22.7,Engineering,0
47,14.6,55479.0,92.0,49.4,Marketing,0
37,4.9,25000.0,85.0,33.9,Engineering,0
26,1.7,25000.0,18.0,21.0,HR,0
31,7.0,25000.0,36.0,33.7,Engineering,0
24,1.1,25000.0,87.0,28.9,HR,0
34,5.8,28500.0,11.0,21.4,Marketing,0
51,15.4,57616.0,94.0,51.9,Engineering,0
27,4.1,25000.0,77.0,29.6,Sales,0
38,12.0,40244.0,69.0,49.0,Sales,0
40,8.3,32588.0,94.0,34.8,HR,0
56,12.6,47206.0,95.0,53.4,HR,0
47,11.3,43168.0,58.0,,HR,0
26,3.4,25000.0,11.0,20.0,HR,1
50,18.2,52129.0,26.0,42.5,Marketing,0
58,22.3,72112.0,92.0,60.7,Sales,0
41,12.5,43437.0,97.0,56.6,HR,0
42,10.4,43549.0,29.0,44.5,Engineering,0
31,7.1,25000.0,85.0,33.9,Engineering,0
26,2.5,25000.0,98.0,48.4,Marketing,0
57,13.0,52414.0,96.0,52.1,HR,1
27,1.9,25000.0,41.0,,Engineering,0
47,15.6,44326.0,60.0,48.7,HR,0
25,2.6,25000.0,97.0,33.8,Engineering,0
56,16.5,61786.0,51.0,44.5,Marketing,0
22,0.0,25000.0,72.0,23.0,Engineering,0
45,17.4,57202.0,98.0,68.0,HR,1
57,15.7,47443.0,70.0,43.0,HR,0
27,1.6,25000.0,71.0,29.9,Marketing,0
52,10.8,50032.0,12.0,30.2,Sales,0
41,14.0,41731.0,98.0,52.2,HR,0
45,9.7,44475.0,85.0,42.7,Sales,0
46,12.5,50707.0,35.0,38.3,HR,0
57,21.0,63884.0,57.0,55.5,Marketing,0
42,14.7,47379.0,17.0,29.7,Engineering,1
51,10.7,35073.0,14.0,25.3,Sales,0
45,12.5,44424.0,20.0,40.6,Engineering,0
51,17.1,60292.0,51.0,52.5,Marketing,0
43,13.1,39048.0,50.0,36.7,Marketing,1
49,21.4,70129.0,28.0,53.4,Marketing,0
28,2.4,25000.0,57.0,26.1,HR,0
56,26.7,86817.0,62.0,80.3,HR,1
49,19.3,,64.0,52.2,HR,0
35,8.2,25000.0,70.0,31.7,HR,0
31,6.5,25000.0,41.0,25.4,Sales,0
37,8.2,33362.0,55.0,38.3,Marketing,1
37,5.7,32655.0,45.0,36.3,Sales,0
52,21.0,68112.0,27.0,50.6,HR,0
46,14.8,52928.0,83.0,53.3,Engineering,0
34,8.2,26040.0,27.0,24.4,Sales,0
27,2.5,25000.0,,20.0,Engineering,0
30,6.8,25000.0,81.0,24.9,HR,1
57,22.8,71999.0,55.0,56.0,Sales,1
41,6.7,39360.0,64.0,36.2,Sales,0
39,9.7,33940.0,47.0,26.0,Sales,0
42,15.1,52173.0,87.0,,Engineering,0
25,2.3,25000.0,11.0,20.0,HR,0
54,19.1,58492.0,18.0,41.5,Marketing,0
48,21.8,66724.0,,41.0,Marketing,0
28,2.8,25000.0,28.0,22.0,HR,0
27,2.7,25000.0,80.0,20.0,Sales,0
36,11.7,30080.0,48.0,28.8,Marketing,0
39,14.2,50172.0,51.0,44.0,Sales,0
53,22.1,68395.0,26.0,52.0,HR,0
32,8.2,27476.0,72.0,24.9,Engineering,0
41,6.7,,99.0,41.6,Sales,0
45,18.8,68115.0,55.0,51.2,Engineering,0
36,6.9,27048.0,29.0,20.0,Engineering,1
28,2.4,25000.0,79.0,36.1,HR,0
42,8.9,27645.0,17.0,,HR,0
47,13.8,,28.0,38.7,Engineering,0
35,5.9,25000.0,41.0,20.8,Engineering,0
58,17.7,63060.0,28.0,48.6,Marketing,0
42,7.6,30118.0,33.0,31.4,Marketing,0
39,8.1,25245.0,33.0,26.5,HR,0
26,2.6,25000.0,65.0,43.4,Sales,0
24,1.1,25000.0,90.0,31.1,Engineering,0
44,11.2,34665.0,27.0,29.8,Sales,0
47,18.7,63252.0,21.0,54.1,Engineering,0
58,30.1,91395.0,50.0,78.4,HR,1
45,17.3,57904.0,96.0,48.1,Sales,0
40,9.0,43578.0,57.0,40.4,HR,0
46,17.9,57070.0,91.0,63.7,Engineering,0
42,7.8,35271.0,73.0,52.6,HR,0
33,4.2,25000.0,25.0,25.2,Sales,0
54,16.2,70513.0,89.0,63.0,Marketing,0
25,2.4,25000.0,32.0,20.0,HR,1
28,2.7,25000.0,95.0,46.8,Sales,0
43,7.1,33920.0,48.0,35.9,HR,0
54,12.1,,42.0,32.6,HR,0
38,13.0,46730.0,33.0,36.7,Marketing,0
45,15.6,52200.0,70.0,50.4,Sales,0
55,14.9,58075.0,64.0,54.2,Sales,0
49,17.1,,70.0,44.0,Sales,0
43,12.9,46014.0,93.0,46.2,Engineering,0
38,11.1,41480.0,49.0,29.2,HR,0
55,14.5,53409.0,67.0,54.2,Marketing,0
27,4.1,25000.0,81.0,31.2,Sales,0
27,2.4,25000.0,83.0,35.6,Marketing,0
55,23.6,67100.0,10.0,53.8,Engineering,1
22,0.0,25000.0,94.0,36.6,Engineering,0
31,4.7,25000.0,,22.9,Marketing,0
42,10.2,41888.0,62.0,41.3,Sales,0
26,2.5,,70.0,31.0,Marketing,0
23,0.3,25000.0,55.0,,Sales,0
43,16.3,57557.0,83.0,56.5,Sales,1
23,0.4,25000.0,69.0,27.7,Engineering,0
31,6.4,27083.0,60.0,,Marketing,0
55,25.8,88135.0,82.0,81.3,Engineering,1
37,9.6,36957.0,93.0,36.5,HR,1
43,15.6,52747.0,57.0,54.2,Engineering,0
33,7.7,28914.0,93.0,39.7,Sales,0
45,11.8,37263.0,49.0,36.1,Marketing,0
59,29.1,89374.0,16.0,67.8,HR,1
31,4.3,29919.0,84.0,33.9,HR,0
56,21.9,69674.0,94.0,70.0,HR,1
53,23.2,73120.0,28.0,52.5,HR,0
28,3.2,25000.0,24.0,20.0,Marketing,0
42,9.6,28894.0,79.0,30.1,Sales,0
41,10.9,42651.0,70.0,45.3,HR,0
47,19.8,55656.0,65.0,45.4,Sales,0
25,2.6,25000.0,19.0,28.5,Engineering,0
43,13.2,45788.0,55.0,47.5,Sales,0
36,9.8,38362.0,89.0,50.0,HR,0
42,16.8,49538.0,84.0,50.4,Engineering,0
36,5.0,25000.0,66.0,31.2,Engineering,0
43,9.2,39220.0,44.0,29.0,Engineering,0
49,19.6,61151.0,81.0,61.9,HR,0
35,10.3,40028.0,12.0,31.0,Sales,0
48,21.2,68446.0,75.0,63.5,Marketing,0
49,14.8,49471.0,62.0,53.8,Sales,0
47,8.8,34523.0,87.0,37.4,HR,1
23,0.6,25000.0,61.0,28.2,HR,0
46,10.5,38949.0,62.0,40.0,Engineering,0
24,0.9,25000.0,63.0,24.6,Sales,0
29,5.3,25000.0,56.0,26.9,HR,0
54,11.1,41085.0,12.0,32.3,HR,1
56,27.1,89101.0,74.0,72.6,Marketing,1
27,2.8,25000.0,24.0,28.0,Sales,0
44,14.5,46748.0,93.0,42.2,Engineering,0
46,8.5,25000.0,95.0,41.3,Engineering,0
40,9.0,29302.0,43.0,,Engineering,0
26,1.4,25000.0,59.0,25.6,Sales,0
32,8.8,28899.0,42.0,23.0,HR,0
33,8.6,27789.0,82.0,24.5,HR,0
31,5.2,27215.0,12.0,20.0,Marketing,0
29,3.0,25000.0,11.0,24.1,Marketing,0
45,19.8,59497.0,13.0,42.0,HR,0
49,13.7,49728.0,25.0,44.0,HR,0
57,13.9,46342.0,63.0,40.4,Sales,0
58,23.0,82720.0,42.0,67.1,Marketing,0
42,17.3,,18.0,39.9,Engineering,0
29,2.1,25000.0,66.0,,Engineering,0
30,3.5,25000.0,49.0,25.9,Engineering,0
36,12.1,47159.0,61.0,40.3,Engineering,0
39,6.8,,91.0,27.2,HR,0
41,7.0,25000.0,25.0,20.8,HR,0
27,3.2,25000.0,17.0,20.6,Sales,0
33,9.0,,96.0,42.4,Engineering,0
23,0.6,25000.0,69.0,35.2,HR,0
28,5.4,25000.0,45.0,31.8,HR,0
37,10.6,40121.0,12.0,32.7,HR,0
24,0.7,25000.0,24.0,23.1,Engineering,0
24,1.8,25000.0,91.0,28.7,HR,0
48,14.2,47484.0,32.0,38.8,Marketing,0
59,17.5,54910.0,12.0,42.0,Engineering,0
54,20.3,69909.0,39.0,61.7,Engineering,0
49,13.0,50047.0,54.0,47.6,Marketing,0
22,0.0,25000.0,26.0,28.1,Sales,0
29,2.1,,67.0,24.9,Sales,0
58,20.5,76431.0,67.0,62.7,Engineering,0
53,24.9,79384.0,66.0,68.3,Engineering,1
58,23.2,77385.0,16.0,60.6,Engineering,0
25,2.7,25000.0,48.0,25.5,Marketing,1
51,13.7,43538.0,87.0,46.0,HR,0
27,2.3,25000.0,67.0,33.5,Marketing,0
40,7.1,27733.0,65.0,25.9,HR,0
53,12.4,51010.0,24.0,46.8,HR,0
30,3.8,25792.0,53.0,23.4,Sales,0
33,8.5,31557.0,,20.0,Marketing,0
32,8.4,25000.0,17.0,20.1,Marketing,0
37,13.3,31883.0,89.0,47.5,Engineering,1
22,0.0,25000.0,50.0,29.6,Marketing,0
42,16.6,55351.0,43.0,49.3,HR,0
51,14.4,48396.0,55.0,43.5,HR,0
34,4.4,25000.0,97.0,35.3,Marketing,0
55,27.1,86402.0,38.0,57.5,Sales,0
25,2.0,25000.0,25.0,20.0,Sales,0
49,10.8,40557.0,14.0,30.8,Engineering,0
59,20.6,68973.0,14.0,55.3,Engineering,0
52,14.2,,39.0,43.0,HR,0
48,19.3,62818.0,59.0,56.8,Marketing,0
26,2.3,25000.0,14.0,27.4,HR,0
46,21.4,64710.0,22.0,49.2,HR,0
24,0.7,25000.0,58.0,27.7,Marketing,0
54,16.4,57981.0,98.0,54.2,HR,0
25,1.8,25000.0,59.0,38.6,HR,0
46,14.4,47545.0,23.0,38.9,Sales,0
41,9.3,44593.0,55.0,36.0,Engineering,0
55,24.3,81732.0,99.0,68.4,Sales,1
47,20.6,60815.0,91.0,65.0,Engineering,0
26,3.5,25000.0,93.0,30.1,Engineering,0
56,26.6,86437.0,43.0,75.5,Engineering,1
49,21.9,68930.0,80.0,48.2,Sales,0
50,17.6,55460.0,56.0,55.3,Marketing,1
30,6.4,25000.0,69.0,32.9,HR,0
59,17.8,63319.0,83.0,59.4,Marketing,0
27,2.7,25000.0,88.0,33.4,Marketing,0
40,8.8,39486.0,90.0,53.8,Engineering,0
32,5.8,31004.0,20.0,28.2,Engineering,0
23,0.5,,94.0,31.0,Sales,0
30,7.0,32194.0,59.0,24.7,Sales,0
42,9.8,35042.0,13.0,26.8,HR,0
45,8.3,30678.0,50.0,30.4,Marketing,1
55,20.3,72751.0,68.0,54.5,Marketing,0
43,7.0,38299.0,69.0,39.1,HR,0
24,0.7,25000.0,90.0,31.8,Engineering,0
33,4.7,25000.0,71.0,30.9,Sales,0
49,15.6,58011.0,93.0,60.9,HR,0
51,16.2,57353.0,34.0,52.5,Marketing,0
47,19.5,69867.0,96.0,70.3,HR,0
42,14.9,52016.0,88.0,48.7,HR,0
49,15.0,56225.0,42.0,47.7,Marketing,0
47,12.5,39673.0,28.0,,Marketing,0
54,15.7,54294.0,66.0,42.7,Sales,0
42,15.3,54918.0,24.0,43.4,Sales,0
56,11.3,48670.0,50.0,51.7,Marketing,0
55,10.2,,78.0,46.8,Sales,0
39,13.2,45303.0,89.0,40.0,Sales,0
32,5.9,25000.0,69.0,30.6,Sales,0
44,8.3,33655.0,31.0,22.6,Marketing,1
43,9.3,36385.0,52.0,39.0,Engineering,0
38,13.8,47109.0,41.0,42.2,Engineering,0
26,3.3,25000.0,22.0,20.2,Sales,0
32,7.3,26521.0,47.0,25.4,Engineering,0
51,17.1,57607.0,35.0,44.3,Sales,0
36,8.6,,90.0,34.7,Engineering,0
48,23.0,76063.0,14.0,49.6,Engineering,0
56,29.9,92370.0,58.0,66.2,HR,1
54,13.7,51777.0,14.0,43.0,Sales,0
41,14.9,46973.0,80.0,45.4,Engineering,0
37,6.3,29781.0,57.0,32.1,Engineering,0
55,14.1,47590.0,27.0,38.6,HR,0
23,0.7,25000.0,15.0,21.3,Engineering,1
56,18.5,66192.0,75.0,53.3,HR,0
49,23.2,74486.0,86.0,58.5,Engineering,0
27,1.8,25000.0,51.0,23.9,HR,0
30,4.9,29137.0,61.0,33.6,HR,0
41,16.2,49008.0,20.0,33.0,Marketing,0
22,0.0,25000.0,35.0,21.9,Sales,0
29,2.8,25000.0,30.0,33.3,Marketing,0
44,11.4,31401.0,75.0,26.7,Sales,0
24,1.3,25000.0,49.0,22.7,Engineering,0
25,1.2,25000.0,65.0,39.1,Sales,0
46,21.1,54157.0,60.0,47.9,Marketing,0
59,31.4,85983.0,29.0,59.6,Sales,0
36,5.6,30676.0,90.0,44.3,Marketing,0
42,7.5,29306.0,89.0,37.6,Sales,0
56,11.9,57530.0,66.0,49.8,Engineering,0
35,11.0,32826.0,14.0,25.6,Engineering,0
57,14.6,,23.0,36.0,Sales,1
33,6.0,27603.0,33.0,20.0,Sales,0
38,9.1,36508.0,77.0,39.2,Engineering,0
30,5.3,25000.0,61.0,23.8,Sales,1
56,11.7,42808.0,57.0,40.0,HR,0
34,5.2,25000.0,97.0,37.8,Engineering,0
36,12.0,47684.0,56.0,47.3,Engineering,0
39,14.4,51514.0,,53.8,Marketing,0
54,24.6,74538.0,,64.1,Marketing,0
27,1.6,25000.0,12.0,21.6,HR,0
48,12.9,43186.0,18.0,34.9,Sales,0
44,14.9,44081.0,91.0,49.2,HR,0
48,12.1,45387.0,92.0,46.3,Sales,0
55,27.9,90319.0,33.0,61.7,Marketing,0
59,25.2,80343.0,13.0,,Sales,0
35,4.5,30349.0,18.0,20.0,Marketing,0
57,29.6,,10.0,67.3,Engineering,1
29,6.1,25489.0,44.0,20.0,Engineering,0
56,11.8,49810.0,83.0,43.1,Sales,0
40,11.1,35248.0,21.0,23.3,Marketing,0
51,14.0,48496.0,27.0,43.2,HR,0
35,7.0,34361.0,87.0,43.7,Marketing,0
41,7.7,28654.0,19.0,20.1,Marketing,1
46,15.5,59987.0,83.0,60.2,Marketing,0
45,20.1,69313.0,,56.0,Engineering,0
35,7.8,33758.0,33.0,28.3,Marketing,0
47,8.7,29987.0,10.0,20.0,Sales,0
59,24.9,78390.0,88.0,68.8,Engineering,1
44,11.1,44171.0,81.0,45.2,Engineering,0
43,17.1,50721.0,91.0,45.9,Engineering,0
40,10.1,36300.0,25.0,31.0,Marketing,0
24,0.8,25000.0,94.0,36.9,HR,0
40,7.5,27909.0,24.0,25.6,Marketing,0
30,6.1,25000.0,71.0,32.3,Marketing,1
49,12.4,36696.0,14.0,30.9,HR,0
41,14.4,46367.0,54.0,40.8,Marketing,1
28,2.5,25000.0,61.0,29.9,Sales,0
35,6.4,25000.0,80.0,30.7,HR,0
30,4.6,25000.0,16.0,20.0,Sales,0
40,15.6,49879.0,36.0,47.1,Sales,0
35,11.2,,98.0,32.8,Engineering,0
59,15.7,61139.0,95.0,64.1,Engineering,0
57,18.0,70311.0,22.0,48.2,HR,0
38,6.2,31922.0,26.0,22.7,Marketing,0
51,17.6,55820.0,53.0,49.1,Sales,0
30,4.6,30462.0,22.0,20.0,Marketing,0
54,26.9,88457.0,99.0,74.7,Sales,1
46,20.6,63013.0,82.0,54.2,Engineering,0
35,6.9,25000.0,14.0,20.0,Engineering,0
32,6.0,30205.0,42.0,24.5,Engineering,0
56,28.5,88919.0,13.0,69.9,HR,1
35,10.2,31746.0,35.0,37.1,Sales,0
51,8.8,36559.0,77.0,29.7,Marketing,0
25,1.5,25000.0,25.0,24.4,Sales,0
25,1.7,25000.0,31.0,27.2,Marketing,0
49,11.8,,45.0,44.6,Marketing,1
29,2.9,25000.0,67.0,26.8,Marketing,0
23,0.3,25000.0,64.0,28.2,Sales,0
43,14.4,53023.0,44.0,40.4,Engineering,0
37,6.9,25000.0,34.0,,HR,0
50,9.3,35232.0,81.0,33.6,HR,0
51,12.7,54343.0,90.0,53.7,Engineering,0
33,8.6,31940.0,70.0,27.8,HR,0
56,27.6,78448.0,27.0,56.7,Marketing,0
32,5.9,25435.0,67.0,24.1,HR,0
42,11.0,43374.0,85.0,47.0,Sales,1
42,17.7,59470.0,66.0,49.4,Engineering,0
26,1.7,25000.0,96.0,37.3,Engineering,0
41,8.2,42234.0,72.0,48.0,Engineering,0
58,17.1,52647.0,21.0,47.2,Engineering,0
24,0.8,25000.0,20.0,20.0,Sales,0
54,16.9,67133.0,22.0,45.0,Marketing,0
30,6.8,28958.0,44.0,26.6,Marketing,0
30,5.4,26681.0,36.0,27.3,Marketing,1
25,1.6,25000.0,98.0,28.0,HR,0
56,29.3,91785.0,76.0,,Marketing,1
38,5.3,25000.0,98.0,36.9,HR,0
55,14.1,46100.0,54.0,42.0,Sales,0
45,14.7,54575.0,83.0,54.9,HR,0
53,20.7,63553.0,90.0,,Marketing,1
22,0.0,25000.0,76.0,33.6,Engineering,0
29,3.8,25000.0,31.0,23.8,Sales,0
44,15.2,50484.0,87.0,51.3,Marketing,0
33,7.9,30496.0,51.0,33.9,Marketing,0
33,7.5,27628.0,29.0,20.0,Marketing,0
36,6.9,35115.0,57.0,42.5,Sales,0
40,6.4,25000.0,27.0,20.0,Engineering,0
47,13.9,46526.0,86.0,42.8,Engineering,0
50,10.6,43906.0,79.0,43.9,Engineering,0
43,18.2,53460.0,83.0,55.6,Marketing,0
42,11.7,36689.0,15.0,20.0,HR,0
59,18.1,63639.0,48.0,51.9,Marketing,0
41,14.4,52637.0,20.0,,Engineering,0
50,16.8,61989.0,34.0,53.1,Sales,0
25,1.5,25000.0,64.0,26.0,HR,0
28,4.7,25000.0,93.0,33.8,HR,0
49,22.1,71328.0,67.0,57.9,Marketing,0
49,19.0,65031.0,46.0,50.6,Sales,0
25,1.0,25000.0,25.0,20.0,HR,0
43,13.4,52571.0,79.0,46.4,Engineering,0
33,8.3,25579.0,82.0,35.6,Marketing,0
24,0.8,,46.0,26.5,Marketing,0
43,9.2,41377.0,62.0,42.4,Engineering,0
23,0.8,25000.0,96.0,36.9,Engineering,0
45,7.2,28803.0,25.0,27.7,Engineering,0
55,24.8,,27.0,59.7,HR,0
48,15.2,44579.0,28.0,26.6,Sales,0
22,0.0,25000.0,53.0,23.0,HR,0
29,2.1,25000.0,,20.0,Sales,0
44,17.4,57482.0,67.0,51.6,Marketing,0
59,19.1,69448.0,19.0,46.7,Sales,0
27,3.1,25000.0,85.0,38.2,Engineering,0
43,14.8,47972.0,55.0,52.9,HR,0
46,17.3,70284.0,91.0,,Engineering,1
39,14.9,47223.0,28.0,37.5,Marketing,0
38,9.9,,47.0,37.0,HR,0
33,5.9,25000.0,46.0,20.0,HR,0
27,4.4,25000.0,87.0,34.2,Engineering,0
47,17.1,55397.0,54.0,52.6,HR,0
48,12.5,45256.0,43.0,35.6,Engineering,0
29,2.6,25000.0,11.0,20.0,Sales,0
40,14.5,47110.0,53.0,41.1,Marketing,0
22,0.0,25000.0,92.0,34.8,Engineering,0
50,19.5,61499.0,36.0,43.7,Marketing,1
56,19.8,64284.0,57.0,64.7,HR,0
35,5.5,29614.0,16.0,20.5,Marketing,1
56,22.5,71582.0,36.0,49.2,Marketing,0
41,6.4,30218.0,94.0,38.5,Marketing,0
34,6.6,25000.0,80.0,37.2,HR,0
59,23.2,73477.0,98.0,68.7,Sales,1
29,3.9,25000.0,27.0,24.5,Sales,0
41,14.2,57072.0,42.0,42.1,Sales,0
54,25.5,86827.0,42.0,,Engineering,1
47,19.1,,34.0,52.8,Engineering,0
42,6.5,39606.0,23.0,36.2,HR,1
30,3.3,25000.0,47.0,27.9,Sales,1
45,14.3,48390.0,47.0,45.8,Marketing,1
58,31.0,96763.0,13.0,62.7,Sales,0
38,12.8,50204.0,71.0,45.2,Engineering,0
45,18.5,55348.0,,61.8,HR,0
42,9.6,30736.0,19.0,32.1,Sales,0
34,6.7,28980.0,44.0,22.4,Engineering,0
32,5.8,25000.0,32.0,24.3,Engineering,0
40,7.1,25000.0,98.0,34.1,Marketing,0
32,3.2,25000.0,74.0,28.0,Sales,0
34,10.4,34643.0,91.0,42.7,Marketing,0
22,0.0,25000.0,88.0,40.0,Sales,0
40,8.0,32390.0,34.0,30.7,HR,0
33,3.9,29676.0,62.0,30.6,Sales,0
29,6.0,25000.0,93.0,37.8,Marketing,0
29,4.5,25000.0,26.0,20.1,Marketing,0
33,7.7,25000.0,66.0,31.9,Engineering,0
54,27.1,83794.0,,79.6,Sales,1
47,12.7,47521.0,86.0,38.5,Sales,0
49,18.2,53324.0,98.0,59.1,HR,0
26,1.3,25000.0,29.0,20.0,Engineering,0
29,2.9,25000.0,,29.6,Marketing,0
46,19.2,59068.0,51.0,46.4,Sales,0
48,19.8,63387.0,54.0,47.0,Engineering,0
44,11.2,43904.0,40.0,40.7,HR,0
51,15.3,63734.0,74.0,59.1,Engineering,0
44,13.6,,61.0,37.9,Sales,0
41,5.7,35396.0,89.0,35.1,Sales,0
39,7.6,25000.0,30.0,21.7,HR,0
39,7.2,30442.0,39.0,22.1,HR,0
23,0.5,,12.0,20.0,HR,0
25,2.4,25000.0,79.0,33.0,Marketing,0
51,13.6,52590.0,52.0,40.6,Engineering,0
54,13.3,48377.0,38.0,42.0,Engineering,0
57,21.1,59725.0,12.0,49.7,Engineering,1
39,13.9,38508.0,67.0,38.3,Marketing,0
58,16.0,61010.0,42.0,49.7,Engineering,0
40,6.2,25000.0,84.0,43.6,HR,0
49,13.9,53194.0,54.0,40.3,Engineering,0
41,14.2,48424.0,78.0,,Marketing,0
54,20.2,,41.0,57.5,Marketing,0
33,8.7,31243.0,91.0,,Engineering,0
36,12.3,,93.0,54.5,Marketing,0
23,0.8,,61.0,30.3,Marketing,0
50,18.5,61461.0,73.0,52.7,Engineering,0
31,5.4,25000.0,49.0,31.9,Marketing,0
23,0.3,25000.0,22.0,26.7,Marketing,0
32,8.9,35082.0,99.0,48.7,Engineering,0
34,6.4,27030.0,,36.0,HR,0
31,3.5,25000.0,98.0,32.7,HR,0
35,9.1,29750.0,83.0,37.4,Marketing,0
39,8.0,31389.0,38.0,33.2,Sales,0
30,5.2,25000.0,72.0,36.2,Sales,1
49,17.6,57183.0,93.0,54.6,Engineering,0
24,1.1,25000.0,35.0,25.2,Engineering,0
41,15.2,48141.0,68.0,39.2,HR,0
27,2.3,25000.0,58.0,33.2,Sales,0
48,14.8,42929.0,62.0,37.1,Engineering,0
23,0.6,25000.0,97.0,40.0,Sales,0
50,19.5,66880.0,40.0,46.8,Sales,0
59,28.5,,21.0,,Marketing,1
24,1.1,25000.0,67.0,31.7,Marketing,0
37,10.3,34820.0,45.0,28.3,Sales,0
51,11.3,,19.0,38.6,HR,0
23,0.9,25000.0,,20.0,Engineering,0
38,8.5,25561.0,16.0,24.0,Engineering,0
33,8.1,41438.0,40.0,34.3,HR,0
56,10.6,42465.0,81.0,35.9,Marketing,0
22,0.0,,12.0,20.0,Marketing,0
36,8.3,32406.0,56.0,30.7,HR,0
47,20.7,65422.0,94.0,69.3,HR,0
58,22.2,65193.0,10.0,50.0,Marketing,0
42,17.2,56067.0,54.0,56.3,Sales,0
52,17.7,64769.0,63.0,64.0,Marketing,1
46,14.3,48385.0,59.0,41.4,Sales,0
44,8.2,25000.0,88.0,33.3,Engineering,0
45,18.0,60210.0,16.0,41.3,Engineering,0
59,16.6,62215.0,72.0,52.5,Sales,0
49,22.7,68518.0,24.0,41.3,Sales,0
42,16.9,51955.0,98.0,54.2,Marketing,0
39,14.7,59739.0,76.0,48.6,HR,0
57,21.4,67309.0,39.0,52.5,Sales,0
56,24.0,71191.0,87.0,75.4,Engineering,1
30,6.1,25000.0,77.0,29.5,Marketing,0
59,14.0,55574.0,45.0,47.0,Engineering,1
51,19.2,65962.0,76.0,63.7,Marketing,0
55,10.6,30660.0,14.0,24.6,HR,1
53,18.6,,34.0,47.7,HR,0
24,0.8,25000.0,20.0,20.0,Engineering,0
24,0.8,25000.0,81.0,31.7,Sales,0
49,14.0,43521.0,99.0,44.0,Sales,0
36,7.8,36512.0,75.0,43.6,Engineering,0
44,14.8,,37.0,35.4,Sales,0
32,3.4,25000.0,69.0,35.3,Sales,0
53,18.7,67047.0,19.0,41.5,Engineering,0
57,14.3,62849.0,59.0,58.5,Engineering,0
54,20.6,62428.0,48.0,49.4,HR,0
45,15.7,55527.0,46.0,40.1,Engineering,0
55,20.9,78680.0,72.0,69.7,HR,1
49,20.1,68215.0,70.0,64.1,HR,0
58,18.0,58628.0,94.0,55.7,Marketing,1
28,4.6,25000.0,47.0,29.7,Sales,0
25,1.7,,42.0,20.0,Engineering,0
58,21.3,65571.0,84.0,53.9,Sales,0
22,0.0,25000.0,54.0,33.9,Marketing,0
22,0.0,25000.0,53.0,26.1,Engineering,0
41,13.2,42143.0,10.0,,Engineering,0
40,12.1,,62.0,37.9,Marketing,0
50,13.6,48496.0,56.0,38.9,Sales,0
31,3.2,25000.0,42.0,24.2,HR,0
39,6.0,32405.0,76.0,34.9,Marketing,0
49,23.1,66086.0,99.0,64.8,Marketing,0
56,24.3,77888.0,24.0,56.4,Engineering,0
52,11.3,,23.0,40.5,HR,0
48,13.4,,32.0,41.1,Marketing,0
32,6.6,26023.0,63.0,,Sales,0
59,29.6,86797.0,17.0,67.1,Marketing,1
26,1.3,25000.0,63.0,27.3,Sales,0
29,3.1,25854.0,45.0,,Engineering,0
55,27.5,87984.0,93.0,83.3,Marketing,1
33,3.4,25000.0,61.0,29.5,Sales,0
59,15.6,57355.0,15.0,41.9,Engineering,0
22,0.0,25000.0,37.0,20.9,Engineering,0
52,20.0,53384.0,59.0,44.3,Engineering,0
25,1.4,25000.0,47.0,30.3,Marketing,0
26,1.4,25000.0,39.0,29.4,Engineering,0
51,9.2,39029.0,90.0,47.9,Engineering,0
45,10.3,44713.0,82.0,50.2,Sales,0
24,1.7,25000.0,63.0,32.1,Engineering,0
32,5.5,25000.0,80.0,33.3,Marketing,0
25,2.2,25000.0,55.0,26.8,HR,0
47,21.3,66804.0,37.0,58.0,Engineering,0
48,14.2,53261.0,26.0,38.8,Marketing,0
48,10.8,,57.0,,Engineering,0
27,3.1,25000.0,53.0,23.2,Marketing,0
36,11.8,51671.0,69.0,45.0,Engineering,0
51,22.7,73726.0,69.0,61.8,Sales,0
58,12.2,46792.0,14.0,30.0,HR,0
58,25.8,88855.0,78.0,78.8,HR,0
58,23.2,,87.0,61.4,Marketing,0
56,28.7,95210.0,,79.8,Marketing,1
44,8.2,39932.0,16.0,30.5,HR,0
27,3.1,25000.0,62.0,20.0,Sales,1
25,2.5,25000.0,26.0,20.0,Sales,0
39,9.3,43576.0,68.0,43.9,Engineering,0
30,4.7,25000.0,18.0,22.4,Sales,0
50,9.6,34068.0,31.0,27.9,HR,0
34,5.6,25000.0,54.0,30.9,HR,0
38,7.9,35602.0,82.0,39.6,Sales,0
53,26.9,84572.0,68.0,70.0,Sales,0
43,9.9,27971.0,89.0,37.7,HR,0
25,1.7,25000.0,22.0,25.7,HR,0
26,2.8,25000.0,92.0,31.7,HR,0
58,14.3,52589.0,21.0,36.8,HR,0
34,7.1,25000.0,45.0,22.3,HR,0
55,24.5,79491.0,19.0,55.1,Sales,0
43,17.2,61152.0,25.0,52.9,Sales,0
44,14.9,47240.0,28.0,40.0,Engineering,1
24,1.4,25000.0,15.0,20.0,Engineering,0
55,12.4,45984.0,13.0,30.3,Marketing,0
53,26.9,86931.0,39.0,67.6,Engineering,1
42,7.6,29495.0,,26.1,Sales,0
42,15.3,43362.0,36.0,32.5,Engineering,0
32,4.6,25000.0,54.0,34.2,Engineering,1
25,2.6,25000.0,94.0,32.4,Sales,0
22,0.0,25000.0,46.0,30.6,HR,0
49,20.3,57421.0,18.0,48.2,Sales,0
45,9.9,36661.0,70.0,34.8,Sales,0
56,19.2,65558.0,44.0,48.1,Marketing,0
34,8.0,,56.0,27.3,Marketing,0
55,25.1,82167.0,30.0,55.3,Marketing,0
32,3.6,25000.0,26.0,22.5,HR,0
57,30.7,93978.0,64.0,74.4,Engineering,1
38,13.3,43508.0,97.0,50.2,Marketing,0
56,15.7,59129.0,15.0,49.4,Sales,0
39,13.5,45379.0,44.0,43.1,Marketing,0
43,12.8,43918.0,59.0,43.5,Sales,0
45,13.3,42736.0,46.0,27.9,HR,0
40,8.8,34174.0,,29.4,Marketing,0
58,23.3,74349.0,34.0,65.0,Sales,0
42,14.8,45247.0,10.0,20.0,Engineering,0
29,3.8,25000.0,58.0,31.7,HR,0
49,18.3,62270.0,44.0,49.5,Sales,0
26,2.9,25000.0,92.0,,Engineering,0
38,11.6,,62.0,46.4,Engineering,1
58,11.9,48470.0,61.0,53.1,Sales,0
57,28.6,82181.0,63.0,71.3,Marketing,1
40,10.3,44437.0,85.0,44.8,Engineering,0
48,11.9,47985.0,56.0,38.5,HR,0
55,14.7,58259.0,52.0,50.0,Engineering,0
32,5.9,26353.0,29.0,27.7,Marketing,0
33,9.2,25000.0,42.0,23.1,HR,0
42,10.5,44313.0,25.0,33.1,HR,0
32,7.5,28654.0,87.0,50.6,HR,0
49,9.7,40716.0,16.0,35.7,Sales,0
26,2.3,25000.0,79.0,38.2,Engineering,0
38,14.3,56831.0,30.0,36.6,Marketing,0
41,14.5,45819.0,45.0,,Sales,0
33,4.7,25000.0,95.0,36.0,Sales,0
27,3.0,25000.0,63.0,24.3,HR,0
38,7.0,25000.0,28.0,,Sales,0
40,9.8,31242.0,34.0,34.7,Engineering,0
47,19.2,52841.0,76.0,47.8,Sales,0
53,23.6,77033.0,62.0,72.7,Sales,1
27,2.2,25000.0,84.0,33.4,HR,0
57,29.9,102108.0,57.0,92.4,HR,1
59,24.3,74188.0,51.0,60.4,Sales,0
32,5.3,25000.0,,30.7,HR,0
54,19.2,70367.0,51.0,64.1,Marketing,0
45,15.2,53662.0,11.0,44.4,Marketing,0
44,14.0,48873.0,15.0,38.1,Marketing,0
36,8.3,30266.0,55.0,30.5,Sales,0
48,15.7,59542.0,75.0,57.3,Engineering,0
32,4.1,25000.0,90.0,30.6,Engineering,0
38,12.6,45304.0,49.0,40.8,HR,0
35,8.1,32475.0,67.0,29.5,Engineering,0
48,9.8,39117.0,,34.6,Engineering,0
39,12.9,47889.0,83.0,48.8,Sales,0
49,23.2,72869.0,42.0,63.3,HR,0
25,2.6,25000.0,71.0,35.5,Engineering,0
28,3.1,25000.0,21.0,20.5,Marketing,0
56,13.0,,,47.9,HR,0
30,4.9,25000.0,97.0,33.2,HR,0
29,2.6,25000.0,87.0,24.5,HR,0
38,13.8,,14.0,20.3,Marketing,0
38,6.6,25000.0,60.0,22.8,Engineering,0
54,14.5,49351.0,78.0,52.6,Marketing,0
53,16.9,57835.0,41.0,43.6,HR,0
29,3.7,25000.0,58.0,30.6,HR,0
40,14.0,55077.0,69.0,58.7,Sales,0
59,21.2,78145.0,55.0,57.6,Sales,1
24,0.8,,77.0,34.5,Sales,0
26,1.8,25000.0,50.0,29.4,Sales,0
34,7.3,25000.0,90.0,30.4,HR,0
52,11.7,53248.0,76.0,57.5,Marketing,0
37,10.0,34862.0,22.0,26.2,Sales,0
53,19.8,66807.0,27.0,48.0,Marketing,1
43,15.3,54287.0,96.0,65.9,Sales,1
50,24.2,75808.0,60.0,65.2,Engineering,1
43,17.8,63155.0,45.0,55.7,Sales,0
24,1.7,25000.0,90.0,41.4,Marketing,0
31,4.0,25000.0,43.0,22.0,Sales,0
42,7.6,33837.0,21.0,33.0,Engineering,0
37,7.2,28911.0,14.0,20.0,Marketing,0
33,9.2,33271.0,57.0,30.9,Marketing,0
23,0.9,25000.0,49.0,25.1,Marketing,0
45,18.8,54079.0,22.0,37.3,HR,0
56,12.4,42796.0,35.0,39.6,Marketing,0
51,25.2,82003.0,23.0,60.6,HR,0
51,16.1,49253.0,20.0,34.4,Engineering,0
56,10.4,40779.0,47.0,40.0,Marketing,0
40,10.2,32249.0,89.0,37.9,Marketing,1
29,2.3,25000.0,66.0,28.2,Marketing,0
47,15.7,52574.0,31.0,41.5,Engineering,0
28,3.0,25000.0,25.0,24.0,HR,0
51,16.9,50408.0,86.0,52.8,Sales,0
28,4.0,25000.0,85.0,31.9,Engineering,0
24,1.6,25000.0,91.0,39.1,Engineering,0
22,0.0,25000.0,,23.2,Engineering,0
57,19.6,69803.0,91.0,61.5,HR,0
46,19.0,66077.0,11.0,38.9,HR,0
58,30.4,86845.0,63.0,75.4,HR,1
22,0.0,25000.0,11.0,20.0,HR,0
36,8.7,30000.0,12.0,23.5,HR,0
58,16.9,56645.0,65.0,56.0,Marketing,1
34,3.9,25000.0,81.0,30.5,Sales,0
29,4.9,25000.0,20.0,20.0,Sales,0
26,3.3,25958.0,,34.7,HR,0
30,3.2,25000.0,41.0,26.4,HR,0
22,0.0,25000.0,13.0,20.0,Marketing,0
57,28.4,89443.0,18.0,70.6,HR,1
56,28.9,,97.0,68.2,Marketing,1
23,0.5,25000.0,65.0,,Marketing,0
44,18.5,62429.0,25.0,50.6,Engineering,0
30,3.9,25000.0,90.0,37.0,Engineering,0
55,20.8,63776.0,95.0,44.8,HR,0
35,4.3,25000.0,80.0,39.1,Marketing,0
25,1.0,25000.0,19.0,20.0,HR,0
51,21.2,71103.0,45.0,53.9,Engineering,0
52,17.0,61136.0,33.0,46.5,Engineering,0
59,16.8,,73.0,52.9,Engineering,0
32,4.1,25000.0,65.0,32.9,Engineering,0
56,23.9,70639.0,87.0,69.0,Engineering,0
29,2.1,25000.0,87.0,38.1,HR,0
24,1.6,25000.0,98.0,37.5,HR,0
35,4.5,25000.0,31.0,24.9,Engineering,0
34,5.0,25000.0,61.0,23.4,HR,0
53,16.5,57579.0,59.0,46.4,Engineering,0
55,19.5,65469.0,56.0,59.3,Engineering,1
40,9.2,42566.0,32.0,39.0,Engineering,0
59,18.2,67082.0,99.0,68.1,HR,1
37,13.2,40146.0,85.0,41.2,HR,0
23,0.7,25000.0,92.0,39.6,Marketing,1
38,5.0,25000.0,28.0,20.0,HR,1
55,18.4,58908.0,61.0,56.9,HR,1
37,12.4,42692.0,43.0,35.8,Sales,0
59,17.8,56541.0,38.0,53.7,Engineering,0
23,0.4,25000.0,70.0,23.1,Engineering,0
23,0.8,25000.0,94.0,44.3,HR,0
47,16.6,54127.0,44.0,43.1,HR,0
34,7.7,26192.0,14.0,20.0,Marketing,0
52,10.0,39952.0,85.0,44.6,Sales,0
55,12.7,45463.0,16.0,30.0,Engineering,0
24,1.3,25000.0,50.0,26.3,Engineering,1
29,3.0,,11.0,20.0,HR,0
44,13.3,48043.0,98.0,48.1,HR,0
35,8.2,40560.0,19.0,33.3,Sales,0
48,12.2,34889.0,53.0,29.4,Engineering,0
50,24.3,69907.0,79.0,58.6,Sales,0
22,0.0,25000.0,44.0,20.0,Engineering,0
38,11.7,43359.0,71.0,40.6,HR,0
51,10.1,45002.0,83.0,53.2,Sales,0
34,4.4,25250.0,82.0,29.0,Marketing,0
42,11.9,33891.0,29.0,24.7,HR,0
40,7.1,26378.0,44.0,27.4,Marketing,0
40,16.0,47498.0,46.0,39.0,Marketing,0
46,9.5,37224.0,81.0,52.2,Marketing,0
43,12.4,43991.0,63.0,41.1,Engineering,0
52,15.6,47754.0,89.0,51.3,Marketing,0
38,10.9,36452.0,37.0,36.4,Engineering,1
44,8.3,36853.0,79.0,45.0,Sales,0
53,17.3,56008.0,41.0,46.7,HR,0
31,4.2,25000.0,20.0,20.0,Engineering,0
31,7.5,36534.0,51.0,44.7,Engineering,0
57,11.4,55550.0,32.0,42.9,Sales,0
29,5.9,25000.0,39.0,22.3,Sales,0
41,15.2,50869.0,18.0,34.3,HR,0
53,14.8,67485.0,97.0,55.8,Sales,0
35,10.1,38144.0,68.0,43.1,Engineering,1
49,8.6,36292.0,37.0,20.0,HR,0
45,20.2,70563.0,,66.4,HR,1
36,8.6,33390.0,,38.8,HR,0
43,10.1,,42.0,47.4,Marketing,0
51,15.0,51748.0,56.0,36.5,Marketing,0
25,1.0,25000.0,31.0,20.0,Engineering,0
34,10.7,39083.0,38.0,33.0,Marketing,0
44,7.1,35278.0,43.0,31.1,Sales,0
29,4.9,25000.0,51.0,24.1,HR,0
39,9.6,33406.0,61.0,34.1,Engineering,0
33,9.6,25000.0,56.0,21.6,Sales,0
52,13.4,47164.0,83.0,49.8,HR,0
35,8.1,35515.0,60.0,24.1,Sales,0
55,19.5,67566.0,54.0,55.7,Marketing,0
39,12.3,37466.0,84.0,38.8,Sales,0
55,11.2,34981.0,43.0,37.0,Marketing,0
32,4.2,25000.0,,31.4,Sales,0
33,4.7,26269.0,22.0,20.3,Engineering,0
36,10.4,34406.0,63.0,42.5,Marketing,0
52,12.4,39375.0,34.0,31.5,Marketing,0
50,18.0,57052.0,30.0,39.2,HR,0
47,10.7,42481.0,10.0,39.1,Marketing,0
39,13.9,52662.0,67.0,51.1,HR,1
53,26.8,81617.0,78.0,70.0,Marketing,1
43,12.8,50174.0,95.0,,Marketing,0
59,18.9,69670.0,80.0,63.8,Marketing,0
38,7.0,25000.0,22.0,20.7,Marketing,0
44,7.3,37704.0,61.0,30.7,HR,0
45,10.6,41476.0,32.0,32.7,Engineering,0
29,4.8,25000.0,30.0,,Sales,0
27,3.1,25000.0,15.0,20.0,Marketing,0
26,3.5,,29.0,27.0,Marketing,0
50,15.1,43033.0,85.0,47.6,Engineering,0
49,19.3,59419.0,49.0,45.0,HR,0
32,5.9,25000.0,18.0,20.0,Sales,0
22,0.0,25000.0,59.0,27.7,Engineering,0
40,8.3,30524.0,37.0,25.1,Engineering,0
30,4.6,,20.0,22.3,Engineering,0
48,15.1,50675.0,84.0,47.0,Engineering,0
55,23.9,75763.0,97.0,66.8,Marketing,1
25,2.6,25000.0,65.0,34.9,Sales,0
57,17.4,56868.0,88.0,56.3,Marketing,0
39,5.5,31355.0,44.0,26.2,Engineering,0
36,8.4,25674.0,90.0,35.2,Sales,1
34,7.5,32026.0,34.0,35.0,Engineering,0
40,7.2,38216.0,28.0,32.5,HR,0
27,3.8,25000.0,40.0,27.6,Engineering,0
33,9.8,35367.0,90.0,37.8,Engineering,0
58,31.2,90560.0,59.0,77.3,HR,1
38,6.7,25591.0,96.0,47.9,Marketing,0
44,18.2,66538.0,72.0,54.8,Sales,1
47,18.1,63092.0,56.0,47.4,Engineering,0
50,16.0,57093.0,10.0,40.9,Engineering,0
54,20.0,56510.0,67.0,55.5,HR,0
48,21.1,63568.0,19.0,45.7,Sales,0
46,14.1,57745.0,17.0,36.6,HR,0
31,4.7,25000.0,35.0,23.1,Engineering,0
44,13.1,48628.0,43.0,44.0,Marketing,0
42,12.9,45703.0,28.0,34.0,Marketing,0
42,8.3,30285.0,87.0,40.6,Sales,0
34,10.1,37113.0,81.0,46.8,Engineering,0
58,25.4,73249.0,10.0,52.0,HR,0
54,21.8,62673.0,57.0,53.0,Engineering,0
45,8.3,30574.0,34.0,31.3,HR,1
32,6.6,27061.0,33.0,20.4,HR,0
38,6.0,25000.0,56.0,23.1,Sales,0
25,1.0,25000.0,93.0,33.9,HR,0
46,14.8,45827.0,78.0,43.7,Sales,1
51,15.7,50251.0,76.0,44.7,Marketing,0
30,5.2,28498.0,41.0,36.4,Sales,0
42,7.1,30536.0,26.0,36.4,Sales,0
41,10.6,34281.0,,35.1,Sales,0
40,7.3,31184.0,78.0,36.8,Marketing,0
40,16.1,44902.0,20.0,33.0,Sales,0
33,7.0,29312.0,47.0,34.5,HR,0
58,25.6,86937.0,77.0,79.9,HR,1
38,7.9,34459.0,28.0,20.0,Sales,0
58,12.8,60189.0,96.0,61.7,HR,0
49,23.9,64758.0,26.0,41.8,Sales,0
56,16.0,57435.0,22.0,51.5,Marketing,0
39,9.4,28482.0,10.0,23.2,HR,0
35,9.0,32134.0,11.0,20.0,Sales,0
56,10.7,43558.0,91.0,46.0,Engineering,0
28,4.7,31549.0,75.0,34.6,Marketing,0
34,7.5,28651.0,77.0,37.1,Engineering,0
39,7.9,31058.0,25.0,30.9,Sales,0
58,12.1,52676.0,13.0,32.0,HR,0
34,4.8,25000.0,66.0,39.1,Sales,0
57,29.3,99506.0,82.0,90.8,HR,1
52,21.3,72198.0,94.0,62.6,Sales,0
23,0.4,,32.0,,Sales,0
37,5.1,25000.0,11.0,27.4,HR,0
30,5.7,33176.0,76.0,43.5,HR,0
30,5.1,25000.0,96.0,34.2,Sales,0
59,20.1,67901.0,35.0,56.3,Engineering,0
32,5.2,25000.0,16.0,34.9,Marketing,0
43,9.0,30279.0,53.0,31.3,Engineering,0
54,22.5,66439.0,42.0,49.5,Engineering,0
57,30.9,94866.0,73.0,78.7,Engineering,1
44,8.9,25601.0,45.0,27.3,Engineering,0
55,21.7,69536.0,13.0,46.3,HR,0
30,4.4,25289.0,32.0,25.5,Engineering,0
45,13.1,49410.0,34.0,33.5,Marketing,1
29,3.2,25000.0,99.0,33.1,HR,0
28,4.8,25000.0,94.0,39.3,Engineering,1
57,20.7,60920.0,83.0,48.4,HR,0
39,10.6,43409.0,36.0,,Engineering,0
24,1.0,25000.0,60.0,20.0,Engineering,0
49,11.0,41785.0,88.0,36.8,Marketing,0
27,1.8,25000.0,90.0,32.2,HR,0
42,14.6,52462.0,,52.0,HR,0
49,11.3,52167.0,89.0,59.2,Sales,0
22,0.0,25000.0,32.0,23.4,Engineering,0
57,18.7,52189.0,18.0,37.2,Engineering,0
42,11.0,38557.0,42.0,37.0,Marketing,0
56,19.8,59566.0,44.0,44.2,Marketing,0
34,6.2,30392.0,59.0,32.8,HR,0
31,3.2,25000.0,33.0,20.0,Marketing,0
31,4.4,25000.0,97.0,36.5,HR,0
34,8.4,29229.0,33.0,25.4,Engineering,0
58,25.2,75203.0,28.0,51.7,Engineering,0
59,17.5,57109.0,48.0,48.5,HR,0
45,13.2,38835.0,70.0,40.7,Marketing,0
23,0.4,25000.0,34.0,29.3,Marketing,0
43,9.0,28029.0,34.0,20.0,HR,0
38,5.0,25000.0,36.0,23.5,Engineering,0
57,29.3,84889.0,,61.0,HR,1
35,5.5,26220.0,20.0,25.8,Marketing,1
31,3.9,25000.0,78.0,36.0,HR,0
56,15.9,58515.0,42.0,49.9,Engineering,0
46,9.0,42175.0,28.0,30.2,Sales,0
24,1.4,25000.0,25.0,26.1,HR,0
59,12.8,45796.0,20.0,26.9,Sales,0
38,6.1,37707.0,84.0,33.3,HR,0
33,7.6,33428.0,83.0,32.5,Marketing,0
45,11.6,43262.0,78.0,44.3,Marketing,1
50,20.3,66164.0,96.0,66.7,Sales,1
46,15.2,53248.0,64.0,33.4,HR,0
57,15.9,55839.0,34.0,50.6,Marketing,0
47,17.3,57991.0,86.0,56.5,Sales,0
59,13.7,54447.0,43.0,37.1,Sales,0
22,0.0,25000.0,21.0,21.4,HR,0
41,10.7,30879.0,97.0,45.4,Marketing,0
49,12.4,,30.0,32.5,Sales,0
37,9.9,40289.0,38.0,40.0,Engineering,0
38,13.2,36485.0,60.0,29.5,Engineering,0
49,24.3,77777.0,32.0,56.2,Marketing,0
33,7.3,25000.0,42.0,20.4,Marketing,0
48,14.1,43959.0,17.0,41.3,Engineering,0
51,12.6,43209.0,51.0,42.2,Sales,1
55,15.0,,86.0,68.1,HR,1
58,21.2,63957.0,78.0,55.9,Sales,0
27,2.6,25000.0,50.0,23.0,Marketing,0
28,5.1,25000.0,83.0,32.6,Marketing,0
53,16.2,50349.0,72.0,54.9,HR,0
53,16.2,63541.0,23.0,45.1,Sales,0
46,12.7,36937.0,97.0,44.6,HR,0
54,25.7,79359.0,71.0,67.6,Sales,1
28,4.1,25013.0,84.0,33.7,Sales,0
33,7.4,25000.0,55.0,24.4,Engineering,0
37,7.5,29302.0,76.0,34.0,Sales,0
37,11.9,41514.0,62.0,39.2,Marketing,0
57,11.3,41316.0,61.0,39.7,Marketing,0
34,9.9,34563.0,16.0,31.0,Marketing,0
28,3.6,25000.0,90.0,43.5,Engineering,0
57,18.9,62014.0,93.0,55.7,HR,0
30,4.8,25000.0,63.0,27.3,Marketing,0
53,21.7,72114.0,20.0,48.0,Marketing,0
32,3.1,25000.0,34.0,24.4,HR,0
29,5.8,28837.0,68.0,30.1,Engineering,0
54,18.2,57995.0,97.0,59.3,Sales,0
44,11.1,45229.0,75.0,50.7,HR,0
46,9.2,33185.0,36.0,20.0,Sales,0
29,3.9,25000.0,92.0,37.5,Sales,0
43,12.6,43587.0,67.0,40.2,Sales,0
25,1.6,25000.0,20.0,23.0,HR,0
24,1.4,25000.0,64.0,25.0,HR,0
50,15.5,56040.0,28.0,48.9,Sales,0
50,24.6,,48.0,64.8,Engineering,0
55,21.8,72429.0,94.0,69.9,Engineering,1
55,25.9,83762.0,99.0,79.6,Engineering,1
49,9.9,41419.0,95.0,42.9,Marketing,0
34,6.5,25000.0,79.0,29.4,Sales,1
36,7.0,25000.0,20.0,24.4,Marketing,0
44,14.1,50114.0,23.0,34.2,Engineering,0
47,20.4,66098.0,69.0,65.1,HR,0
25,1.0,25000.0,45.0,24.0,Engineering,0
47,8.6,39288.0,50.0,38.7,Marketing,0
30,6.5,25000.0,11.0,29.4,Marketing,0
26,1.7,25000.0,66.0,26.3,Engineering,0
53,21.7,76200.0,69.0,64.9,Sales,0
41,11.9,43442.0,29.0,40.0,HR,0
32,8.0,32378.0,31.0,32.5,HR,0
36,5.3,25000.0,13.0,20.0,Engineering,0
53,11.7,49611.0,65.0,,Sales,0
49,17.1,58541.0,67.0,51.3,Sales,0
43,18.2,56926.0,97.0,64.6,Engineering,0
38,8.8,27306.0,74.0,31.6,HR,0
47,12.4,42673.0,97.0,48.2,HR,0
28,4.0,25000.0,67.0,27.9,HR,0
47,21.5,71657.0,39.0,,Sales,0
46,19.3,68152.0,85.0,63.2,Engineering,0
31,8.1,34131.0,28.0,23.3,Sales,0
40,5.6,38430.0,71.0,35.0,HR,0
32,3.7,25000.0,77.0,22.1,Sales,0
34,8.0,33183.0,88.0,35.6,HR,0
29,5.5,25000.0,93.0,39.2,Engineering,0
25,1.4,25000.0,53.0,33.9,HR,0
52,13.3,41463.0,93.0,49.7,Marketing,0
49,20.8,69541.0,70.0,63.1,Marketing,1
32,3.3,,30.0,22.0,Engineering,0
22,0.0,25000.0,19.0,24.3,Sales,0
59,22.3,70025.0,39.0,55.9,Sales,0
45,14.6,58966.0,33.0,54.9,Sales,0
52,22.1,72902.0,57.0,59.5,HR,0
47,12.8,49945.0,64.0,52.8,Marketing,0
26,2.7,25000.0,61.0,33.2,Engineering,0
41,12.4,42392.0,47.0,41.3,Sales,1
32,6.3,25428.0,76.0,22.1,Sales,0
54,21.9,72177.0,17.0,56.2,Engineering,0
59,16.9,54467.0,38.0,43.3,HR,0
48,9.1,40965.0,19.0,28.9,Sales,0
55,12.3,52859.0,78.0,43.4,HR,0
36,6.1,25067.0,84.0,33.5,HR,0
53,18.6,59785.0,77.0,55.4,HR,0
42,16.1,49140.0,58.0,,Sales,0
26,2.9,,67.0,,Sales,1
27,3.9,25000.0,44.0,27.9,Engineering,0
59,18.9,68217.0,,61.6,Engineering,1
43,11.4,40452.0,49.0,37.7,HR,0
39,9.1,33232.0,21.0,32.1,Sales,0
35,5.4,25000.0,94.0,35.0,HR,0
31,3.0,25000.0,25.0,21.4,Engineering,0
34,7.9,,87.0,35.2,HR,0
52,26.8,77635.0,94.0,62.8,Marketing,0
51,11.6,46613.0,57.0,51.7,HR,0
24,0.7,,10.0,24.3,Sales,0
51,22.3,74813.0,74.0,57.7,HR,0
27,2.3,25000.0,31.0,23.6,HR,0
50,22.3,76151.0,,55.1,Sales,0
29,5.1,25000.0,93.0,33.9,Marketing,1
54,27.8,98658.0,76.0,78.9,Sales,0
38,8.7,25079.0,23.0,23.2,Engineering,0
32,7.0,39245.0,82.0,46.7,Marketing,0
34,6.9,26818.0,28.0,25.5,Marketing,1
32,6.8,,49.0,27.7,Sales,0
52,17.1,55329.0,13.0,38.7,HR,0
49,11.2,34856.0,42.0,36.3,Engineering,0
27,3.0,25000.0,52.0,29.4,Engineering,0
37,9.3,,46.0,31.2,Marketing,0
25,2.4,25000.0,75.0,31.5,Engineering,0
56,25.2,85406.0,36.0,65.9,Marketing,1
47,17.5,58804.0,54.0,47.7,Marketing,0
33,4.0,25000.0,90.0,38.8,Engineering,0
32,7.3,29772.0,59.0,26.3,Marketing,0
58,21.6,62625.0,72.0,54.1,HR,0
46,20.1,55737.0,15.0,43.2,Marketing,0
39,14.5,40465.0,76.0,36.5,HR,0
40,6.0,25134.0,76.0,24.1,HR,0
44,17.4,47341.0,,45.5,HR,0
59,11.9,44001.0,22.0,25.3,Engineering,0
39,8.8,26859.0,30.0,20.0,HR,0
47,15.6,55539.0,73.0,55.4,Engineering,0
27,1.9,25000.0,46.0,24.8,Sales,0
25,2.2,25000.0,89.0,40.9,HR,0
50,8.5,26750.0,,30.6,Marketing,0
55,13.2,48314.0,57.0,43.1,Sales,0
38,10.4,39043.0,65.0,41.0,Sales,0
37,10.9,42404.0,53.0,33.0,HR,1
23,0.8,25000.0,22.0,26.2,Engineering,0
55,23.9,81842.0,13.0,59.7,Sales,0
29,4.9,25000.0,82.0,25.0,HR,0
34,6.4,25000.0,42.0,24.9,Sales,0
29,2.1,25000.0,46.0,27.8,Sales,0
51,10.8,49078.0,62.0,42.2,HR,0
53,19.2,64733.0,33.0,42.4,Marketing,0
57,24.7,82003.0,98.0,75.7,Marketing,1
51,16.0,52349.0,60.0,58.0,Marketing,0
22,0.0,25000.0,50.0,24.7,Sales,0
38,9.8,33898.0,38.0,38.0,Engineering,0
41,6.5,27035.0,68.0,27.9,Engineering,0
45,9.5,38209.0,49.0,36.4,Sales,0
43,16.9,51463.0,60.0,50.2,Sales,0
50,20.6,66625.0,59.0,56.2,HR,0
43,17.6,62789.0,45.0,49.4,Engineering,0
30,3.0,25000.0,88.0,37.9,Sales,0
58,32.2,87315.0,69.0,81.5,Marketing,1
31,3.8,25030.0,27.0,23.6,Engineering,0
57,10.7,36532.0,29.0,27.6,Sales,0
58,32.3,96250.0,14.0,66.0,HR,1
49,12.7,49492.0,27.0,,HR,0
49,18.9,61654.0,49.0,51.6,Engineering,0
42,8.1,32484.0,10.0,20.7,Marketing,0
45,14.9,51112.0,28.0,33.9,Engineering,0
23,0.8,25000.0,96.0,26.7,Sales,0
29,3.4,26103.0,35.0,26.2,Marketing,0
48,18.3,56681.0,38.0,48.7,Sales,0
43,8.7,39904.0,68.0,38.2,Marketing,0
58,24.3,80678.0,72.0,68.1,Marketing,1
48,13.0,46802.0,92.0,43.7,Sales,0
50,11.9,40211.0,71.0,41.7,Engineering,0
24,1.0,25000.0,57.0,30.5,HR,1
34,4.9,25000.0,71.0,28.2,Marketing,0
31,7.6,26402.0,27.0,31.5,Marketing,0
57,18.8,60265.0,75.0,51.0,HR,0
30,3.6,25000.0,36.0,25.3,Engineering,0
48,14.8,47561.0,15.0,38.9,HR,0
55,16.2,53192.0,79.0,50.9,Engineering,0
22,0.0,25000.0,68.0,29.3,Marketing,0
53,27.4,83678.0,15.0,,Marketing,0
46,13.5,46963.0,40.0,46.1,Sales,0
50,22.9,77414.0,65.0,63.8,Engineering,1
28,3.8,25000.0,63.0,32.0,HR,0
24,0.8,25000.0,,38.8,Engineering,0
41,13.6,45656.0,50.0,37.3,Engineering,0
41,11.6,34249.0,27.0,27.2,Engineering,0
51,20.0,63366.0,96.0,68.1,Engineering,1
56,28.3,87516.0,32.0,59.2,HR,0
56,19.2,63026.0,45.0,61.7,Sales,0
48,21.9,64024.0,34.0,,Marketing,0
47,18.8,55720.0,16.0,34.4,HR,0
35,7.7,33390.0,91.0,41.1,HR,0
38,10.6,45574.0,29.0,47.2,Marketing,0
39,8.4,25000.0,14.0,20.0,Sales,1
50,24.9,75612.0,27.0,55.1,HR,0
41,13.3,49210.0,42.0,43.6,Marketing,0
48,8.5,35487.0,88.0,41.4,Sales,0
39,8.4,27132.0,44.0,28.8,Sales,0
25,2.0,25000.0,74.0,27.9,Engineering,0
22,0.0,,72.0,28.1,HR,0
22,0.0,25000.0,94.0,34.7,Sales,0
47,14.3,49610.0,81.0,43.6,HR,0
41,9.5,35954.0,80.0,39.7,Marketing,0
44,12.4,41579.0,50.0,35.8,HR,0
31,4.1,25000.0,,26.1,Sales,0
32,4.0,25000.0,39.0,26.1,Marketing,0
26,2.9,25000.0,47.0,20.0,Marketing,0
22,0.0,25000.0,44.0,24.3,Engineering,0
38,6.7,27761.0,75.0,45.1,Marketing,0
43,10.3,25649.0,55.0,22.7,Sales,0
55,21.6,76774.0,17.0,61.0,Engineering,0
50,9.6,45258.0,77.0,45.8,Sales,0
25,1.2,25000.0,46.0,22.9,Sales,0
26,1.4,25000.0,94.0,28.9,Engineering,1
32,7.9,40149.0,22.0,31.9,Engineering,0
42,15.0,45286.0,82.0,53.9,HR,0
56,25.6,81466.0,54.0,63.2,Sales,0
33,8.0,39749.0,38.0,33.7,HR,0
47,17.5,68758.0,50.0,60.9,Marketing,0
40,10.6,36670.0,65.0,39.2,Marketing,0
28,4.1,28701.0,97.0,30.7,HR,0
28,1.9,25000.0,25.0,22.2,Engineering,0
47,16.8,,21.0,54.1,Marketing,0
26,3.1,25000.0,75.0,31.5,Engineering,0
42,12.0,44127.0,71.0,29.9,HR,0
35,6.7,38297.0,28.0,33.1,Engineering,0
25,1.4,25000.0,39.0,23.5,Sales,0
44,15.1,60461.0,25.0,36.2,Marketing,0
41,13.6,56603.0,97.0,48.7,Engineering,0
36,11.5,46365.0,22.0,40.2,Engineering,0
50,14.2,50141.0,,45.4,Sales,0
29,5.3,25000.0,32.0,20.0,Engineering,0
40,11.5,34376.0,71.0,36.9,HR,0
49,22.4,68437.0,40.0,50.4,HR,0
48,16.0,57504.0,62.0,51.2,HR,0
25,1.8,25000.0,26.0,20.9,Marketing,1
36,9.1,32060.0,58.0,27.0,Engineering,0
56,25.5,90274.0,58.0,69.2,Marketing,1
58,31.6,95628.0,76.0,81.2,Marketing,1
22,0.0,25000.0,35.0,23.9,Engineering,1
24,0.7,25000.0,,20.7,Engineering,0
45,19.8,61462.0,47.0,60.1,HR,0
48,16.1,53875.0,31.0,45.8,Marketing,0
57,23.4,76434.0,94.0,74.0,Marketing,1
55,19.5,,38.0,43.4,Engineering,0
50,10.0,44735.0,54.0,41.7,Marketing,0
45,17.5,56658.0,,46.6,Sales,0
45,17.2,61410.0,48.0,54.4,Engineering,0
25,1.5,25000.0,78.0,31.7,HR,0
24,1.0,25000.0,87.0,35.2,Sales,0
55,26.5,83738.0,91.0,74.8,Sales,1
44,7.6,33205.0,77.0,37.4,HR,0
44,18.2,66081.0,48.0,68.3,Sales,1
26,1.8,25000.0,29.0,20.0,Sales,0
52,19.7,66291.0,86.0,58.0,Sales,0
27,4.3,25000.0,77.0,35.5,Marketing,0
58,25.4,80665.0,44.0,,Sales,0
31,4.9,28822.0,17.0,21.2,Sales,0
28,4.3,25000.0,61.0,23.4,Engineering,0
59,18.7,59045.0,49.0,51.6,HR,0
42,9.3,30981.0,45.0,32.2,Marketing,0
41,17.1,51343.0,15.0,35.7,Marketing,0
24,1.5,25000.0,95.0,39.2,HR,0
43,14.4,53283.0,79.0,42.0,Marketing,1
25,1.5,25000.0,82.0,29.5,Marketing,0
49,8.9,36543.0,25.0,28.5,Marketing,0
33,3.5,25000.0,55.0,21.8,Engineering,0
59,23.4,71389.0,68.0,52.4,Engineering,0
57,26.5,81398.0,47.0,,Marketing,0
26,2.5,25000.0,27.0,25.5,HR,0
34,9.7,36494.0,21.0,34.9,HR,0
44,7.0,28202.0,63.0,28.7,Engineering,0
51,15.1,52113.0,56.0,49.6,Engineering,0
58,15.9,56011.0,10.0,42.5,Sales,0
46,13.6,49210.0,24.0,43.7,Engineering,0
48,8.9,29501.0,89.0,35.7,Marketing,0
35,11.3,35401.0,30.0,20.6,Engineering,0
57,15.2,60277.0,10.0,42.5,Sales,0
37,12.8,42737.0,76.0,38.6,Sales,0
43,11.7,37900.0,21.0,25.8,HR,0
42,17.8,53057.0,37.0,,HR,0
42,12.6,47704.0,48.0,39.7,Marketing,0
29,6.0,25000.0,46.0,26.6,Engineering,0
37,4.5,25000.0,69.0,34.0,Sales,0
52,22.5,68716.0,40.0,52.0,Sales,0
31,7.6,25000.0,67.0,32.0,HR,0
53,11.9,46872.0,20.0,35.3,HR,0
55,11.8,45513.0,38.0,42.6,Engineering,0
30,4.4,25000.0,98.0,35.3,Sales,0
38,13.8,50321.0,22.0,37.6,HR,0
32,6.3,25000.0,60.0,26.8,Engineering,1
53,19.1,65395.0,63.0,55.4,Engineering,0
31,3.5,25000.0,28.0,20.0,Engineering,0
43,6.3,31818.0,67.0,30.2,HR,1
38,12.6,44067.0,45.0,42.3,HR,0
25,1.1,25000.0,37.0,20.0,HR,0
46,16.3,51012.0,,47.8,Marketing,0
42,17.0,56443.0,12.0,45.1,Marketing,0
58,15.3,61461.0,98.0,58.8,Marketing,0
59,25.9,86956.0,50.0,,HR,1
22,0.0,25000.0,44.0,22.5,HR,0
46,15.9,49361.0,85.0,44.7,Marketing,0
57,13.9,48398.0,93.0,42.9,Sales,0
38,11.9,38167.0,90.0,50.0,Sales,0
45,11.1,32167.0,85.0,32.8,Sales,0
23,0.6,25000.0,59.0,32.2,Sales,0
36,9.2,31521.0,83.0,32.6,Marketing,0
53,12.5,49460.0,,57.8,Engineering,0
27,3.7,25000.0,39.0,35.5,Engineering,1
22,0.0,25000.0,,24.4,Sales,0
44,15.3,48024.0,86.0,43.8,HR,1
38,6.3,27009.0,79.0,37.7,Sales,0
55,23.5,70894.0,63.0,62.4,Sales,0
50,10.6,41396.0,80.0,47.5,Engineering,0
30,4.4,27286.0,94.0,34.1,HR,0
34,5.4,26303.0,60.0,39.5,Engineering,0
27,3.7,25000.0,37.0,24.7,HR,0
27,2.3,25000.0,73.0,25.2,Marketing,0
41,15.8,54636.0,94.0,54.0,Engineering,0
24,1.7,25000.0,30.0,20.0,Marketing,0
38,6.7,29491.0,97.0,47.0,Marketing,0
33,7.4,,,23.5,Sales,0
22,0.0,25000.0,36.0,26.3,HR,1
38,8.6,,86.0,38.9,Engineering,0
24,1.5,25000.0,59.0,25.4,Sales,0
47,17.4,59253.0,38.0,37.6,Engineering,0
36,9.4,29441.0,48.0,32.2,Marketing,0
57,16.4,,66.0,55.4,Engineering,0
53,16.3,60281.0,46.0,44.8,Engineering,0
53,11.2,39082.0,73.0,32.9,Sales,0
25,2.2,25000.0,57.0,32.1,HR,0
39,10.2,35472.0,31.0,21.6,Engineering,0
40,13.1,39389.0,39.0,40.2,Marketing,0
56,15.3,59211.0,37.0,42.4,Marketing,0
35,6.4,30034.0,32.0,20.9,Sales,1
54,16.0,49422.0,13.0,36.8,Marketing,1
35,4.1,25000.0,12.0,20.0,Engineering,0
55,16.7,,70.0,50.4,HR,0
25,2.3,25000.0,13.0,21.0,Engineering,0
45,19.3,62584.0,74.0,44.4,Sales,0
50,17.1,64884.0,21.0,55.7,Marketing,0
40,10.3,37117.0,22.0,29.4,Engineering,0
27,1.6,25000.0,43.0,20.0,Engineering,0
54,26.5,77576.0,68.0,60.2,Marketing,0
40,5.5,25000.0,82.0,38.0,HR,0
22,0.0,25000.0,,27.7,HR,0
26,2.4,25000.0,80.0,39.6,HR,0
48,13.1,45805.0,22.0,31.5,Marketing,0
37,12.8,44753.0,63.0,43.9,Engineering,0
27,1.6,25000.0,11.0,21.0,Sales,0
34,7.8,25422.0,,28.8,Engineering,0
56,21.4,65937.0,59.0,61.4,Marketing,1
40,7.8,42346.0,16.0,27.8,Marketing,0
33,6.1,25000.0,27.0,21.5,Engineering,0
37,10.4,,60.0,33.5,Marketing,0
31,6.6,25413.0,17.0,20.1,Engineering,0
46,7.2,39564.0,64.0,42.7,Engineering,0
41,16.4,45233.0,85.0,38.9,HR,0
52,12.0,45301.0,52.0,46.1,Marketing,0
25,1.3,25000.0,68.0,24.6,Marketing,0
44,10.1,26551.0,39.0,24.0,HR,0
23,0.3,25000.0,68.0,36.5,HR,0
43,7.9,34711.0,18.0,28.4,HR,1
58,32.1,93661.0,77.0,79.5,Sales,1
29,3.4,25000.0,48.0,20.4,Marketing,0
28,2.2,25000.0,90.0,29.4,Engineering,0
35,4.7,25000.0,20.0,25.4,Engineering,0
24,1.5,25000.0,11.0,20.0,Engineering,0
37,12.2,38620.0,32.0,29.7,Marketing,0
40,8.2,34403.0,72.0,42.2,Sales,0
39,5.3,25000.0,31.0,20.0,Marketing,0
37,6.5,27844.0,70.0,33.9,Marketing,0
29,2.3,25000.0,35.0,23.9,Marketing,0
54,11.6,39289.0,21.0,30.4,Marketing,0
33,6.1,,41.0,23.7,Marketing,0
32,4.4,25000.0,18.0,20.0,Sales,0
26,2.4,25000.0,78.0,26.9,HR,1
48,11.8,31731.0,99.0,43.4,Engineering,0
33,9.5,34891.0,80.0,35.9,Marketing,0
38,13.5,45363.0,42.0,43.5,Marketing,0
27,3.2,25000.0,33.0,22.1,Marketing,0
54,16.4,54554.0,,50.7,Engineering,0
26,2.1,25000.0,78.0,31.1,Sales,0
49,14.8,57011.0,47.0,45.4,Engineering,0
35,9.6,26139.0,20.0,26.5,Sales,1
26,2.3,25000.0,,23.0,HR,0
54,26.0,75948.0,,63.9,Marketing,0
40,15.6,45514.0,81.0,53.6,Sales,0
43,10.5,40864.0,29.0,35.6,Engineering,0
26,2.5,25000.0,43.0,33.6,Sales,0
23,0.4,25000.0,51.0,33.2,Sales,1
51,12.2,48825.0,17.0,31.5,HR,0
25,1.6,25000.0,75.0,36.6,Marketing,0
54,13.6,43141.0,30.0,42.4,Marketing,0
34,9.9,42368.0,88.0,53.5,Engineering,0
41,7.5,30001.0,79.0,40.7,Engineering,0
28,3.4,25000.0,14.0,24.3,HR,0
36,9.3,27169.0,76.0,31.8,Sales,0
44,15.7,51243.0,52.0,40.4,Sales,0
35,6.9,32465.0,25.0,24.9,Engineering,0
44,18.1,58590.0,82.0,47.1,Marketing,0
40,11.5,36980.0,44.0,40.2,Sales,0
50,15.8,61049.0,92.0,57.7,HR,0
41,6.5,25000.0,52.0,33.5,Engineering,0
50,16.2,55398.0,48.0,40.4,Sales,0
45,18.2,62201.0,19.0,50.7,Marketing,0
39,11.4,50678.0,83.0,47.9,Marketing,0
31,7.2,25008.0,29.0,20.0,HR,0
29,4.2,25000.0,10.0,26.8,HR,0
47,9.3,35127.0,15.0,,Engineering,0
50,8.6,37692.0,62.0,38.6,Engineering,0
31,4.3,25000.0,55.0,27.8,Marketing,0
38,11.5,45617.0,75.0,47.6,Marketing,0
23,0.8,25000.0,47.0,27.0,Sales,0
27,2.4,25000.0,42.0,21.1,Sales,0
26,2.4,25000.0,76.0,29.8,Sales,0
49,14.9,52408.0,86.0,,HR,0
26,2.2,25000.0,44.0,38.8,HR,0
39,7.5,34462.0,88.0,48.4,Sales,0
47,9.5,46001.0,54.0,43.9,Marketing,0
41,7.9,,31.0,24.7,Engineering,0
48,8.7,33422.0,77.0,33.7,HR,0
33,4.6,25000.0,26.0,20.0,HR,0
28,1.8,25000.0,14.0,20.0,Sales,0
24,1.4,25000.0,94.0,46.2,Engineering,0
31,4.4,26539.0,66.0,39.9,HR,0
55,29.2,92950.0,97.0,,Engineering,1
46,10.0,37794.0,49.0,30.2,HR,0
56,17.3,62867.0,39.0,,Engineering,0
37,7.7,28176.0,51.0,27.8,Engineering,0
23,0.3,25000.0,16.0,20.0,HR,0
45,18.5,54384.0,80.0,53.7,Engineering,0
31,2.9,25000.0,97.0,,Marketing,1
59,32.0,102698.0,28.0,70.0,HR,1
43,17.5,60486.0,50.0,49.1,HR,0
47,15.5,55954.0,43.0,43.4,Marketing,0
48,16.3,56587.0,31.0,43.8,Engineering,0
50,19.4,64299.0,61.0,54.7,Marketing,0
59,19.7,60615.0,15.0,34.0,HR,0
41,13.1,44020.0,83.0,53.5,Marketing,0
48,8.5,36563.0,34.0,26.3,Engineering,0
41,6.3,25000.0,75.0,26.9,Marketing,0
40,10.3,28991.0,19.0,21.5,HR,0
41,12.0,47944.0,83.0,48.0,Engineering,0
56,28.3,87804.0,35.0,72.8,HR,1
23,0.4,25000.0,14.0,,HR,1
51,23.0,75578.0,95.0,72.2,Sales,1
55,14.1,46839.0,77.0,,HR,0
43,11.3,39133.0,80.0,43.2,HR,0
24,1.0,25000.0,59.0,30.0,Engineering,0
27,2.7,25000.0,26.0,20.0,Engineering,0
36,5.5,25000.0,20.0,20.0,Engineering,0
48,15.7,50303.0,62.0,51.7,Marketing,0
31,7.0,25000.0,59.0,48.2,Marketing,0
30,4.5,25777.0,17.0,20.0,Engineering,0
54,19.0,51317.0,,50.5,Marketing,0
53,25.1,76365.0,98.0,67.7,Sales,1
27,3.6,25000.0,94.0,45.7,Marketing,0
57,20.8,77584.0,85.0,62.0,Sales,0
23,0.5,25000.0,99.0,39.6,Engineering,0
50,23.3,66722.0,38.0,45.0,Engineering,0
25,1.9,25000.0,53.0,25.7,Marketing,0
22,0.0,25000.0,54.0,27.3,Engineering,0
40,8.3,33376.0,38.0,35.2,Engineering,0
47,19.5,55637.0,97.0,51.1,HR,0
46,7.8,33798.0,68.0,39.4,Engineering,1
31,8.1,37307.0,24.0,29.8,HR,0
36,5.3,25372.0,79.0,,Engineering,0
43,16.3,54473.0,53.0,51.7,Sales,0
42,10.7,40474.0,45.0,29.6,Sales,0
43,12.5,46223.0,93.0,53.5,Engineering,0
57,29.0,83264.0,66.0,65.9,Sales,1
55,18.1,60590.0,73.0,60.5,Sales,0
51,18.1,59651.0,85.0,58.4,Sales,0
46,7.9,31133.0,47.0,29.1,Marketing,0
49,8.1,38381.0,26.0,27.8,Sales,0
22,0.0,,36.0,28.0,HR,0
25,2.1,,26.0,28.2,Marketing,0
28,2.2,25000.0,72.0,28.4,HR,0
30,2.9,25000.0,20.0,20.0,HR,0
57,19.1,69560.0,73.0,64.4,HR,0
40,12.4,41195.0,,29.8,Marketing,0
22,0.0,25000.0,11.0,20.0,Engineering,0
31,3.7,25000.0,75.0,26.4,Sales,0
57,12.2,34963.0,63.0,33.8,Sales,0
30,6.9,25992.0,38.0,20.0,Engineering,0
53,14.1,50272.0,54.0,34.6,Engineering,0
53,25.2,79415.0,97.0,66.7,HR,1
27,4.1,25000.0,97.0,39.3,Marketing,0
59,28.3,85030.0,,68.1,HR,1
38,6.4,34757.0,,29.5,Sales,0
31,7.1,26719.0,58.0,39.1,Engineering,0
48,19.8,62902.0,18.0,45.3,Sales,0
56,22.4,76523.0,36.0,59.9,Engineering,0
42,10.0,37693.0,65.0,33.4,Marketing,0
46,11.0,54129.0,87.0,64.3,HR,0
49,10.1,,54.0,34.0,Sales,0
36,8.5,33809.0,98.0,41.0,Marketing,0
25,2.0,,52.0,33.7,Sales,0
50,14.4,55353.0,31.0,42.2,Engineering,0
30,4.7,25000.0,42.0,,Sales,0
48,13.5,46455.0,36.0,36.8,Marketing,0
47,17.1,52488.0,49.0,43.4,Marketing,0
40,15.1,43203.0,35.0,37.7,HR,0
49,10.8,43794.0,92.0,50.4,Sales,0
38,8.5,25716.0,54.0,24.7,Engineering,0
41,7.3,37092.0,54.0,31.7,Sales,0
44,14.8,43886.0,35.0,33.2,HR,0
53,22.9,72258.0,79.0,57.0,Engineering,0
54,27.5,80542.0,76.0,60.9,Engineering,0
26,1.9,25000.0,15.0,21.2,HR,0
55,28.7,88383.0,37.0,71.0,Engineering,1
32,3.4,25000.0,76.0,36.2,Marketing,0
24,1.3,25000.0,22.0,20.0,Marketing,0
54,10.7,39131.0,72.0,39.3,Engineering,0
32,8.4,35453.0,22.0,22.5,Sales,0
37,9.3,37643.0,86.0,43.0,Engineering,0
39,11.9,28953.0,10.0,20.0,Sales,0
51,23.2,75186.0,49.0,62.9,HR,0
31,3.5,25000.0,46.0,25.8,Marketing,0
39,5.5,25000.0,40.0,20.0,Marketing,0
59,30.6,93063.0,26.0,62.4,HR,0
40,8.8,,,31.5,HR,0
57,13.2,44887.0,73.0,45.0,Marketing,0
34,7.0,25000.0,66.0,22.8,HR,0
24,1.3,,22.0,20.0,Engineering,0
31,2.9,25000.0,46.0,26.1,Engineering,1
59,17.2,66735.0,23.0,42.1,Sales,0
22,0.0,25000.0,84.0,25.1,Sales,0
48,14.4,56454.0,34.0,42.2,Sales,0
29,5.9,25000.0,87.0,31.6,Engineering,0
38,14.2,49546.0,66.0,41.8,Marketing,0
30,5.5,30870.0,80.0,33.1,Sales,0
27,2.0,25000.0,97.0,36.1,Engineering,0
46,20.2,69523.0,51.0,,Marketing,0
49,16.5,52882.0,51.0,45.8,HR,0
54,12.6,48838.0,56.0,41.9,Engineering,0
58,30.7,86927.0,53.0,69.4,HR,1
30,6.0,25000.0,50.0,31.1,Sales,0
39,12.6,37910.0,12.0,31.9,Marketing,0
42,14.5,54954.0,99.0,62.9,Engineering,0
23,0.4,,99.0,40.7,Sales,0
59,15.8,55426.0,10.0,40.1,Sales,0
57,25.0,75735.0,88.0,65.9,Marketing,1
58,15.5,49580.0,20.0,35.1,HR,0
36,7.9,31873.0,16.0,20.1,Sales,0
49,20.8,63689.0,21.0,46.7,Marketing,0
39,13.1,41706.0,47.0,40.7,Marketing,0
55,18.9,71898.0,63.0,56.9,Engineering,0
43,16.3,52168.0,76.0,49.8,Sales,0
32,8.0,32533.0,62.0,30.7,HR,0
34,8.3,31215.0,99.0,41.7,HR,0
25,1.3,,41.0,22.1,Sales,1
43,9.8,28176.0,54.0,25.9,HR,0
28,2.9,25000.0,60.0,25.3,Marketing,0
45,8.5,43271.0,46.0,40.6,Marketing,0
25,1.4,25000.0,68.0,29.8,Sales,0
49,11.5,46570.0,63.0,41.5,HR,1
36,8.0,,27.0,24.2,Marketing,1
22,0.0,25000.0,10.0,20.0,Sales,0
24,0.7,25000.0,30.0,,Marketing,0
35,9.5,30769.0,37.0,23.0,Sales,0
59,26.4,86427.0,25.0,61.7,Engineering,0
22,0.0,25000.0,57.0,21.0,Engineering,0
59,31.6,100320.0,37.0,72.5,Sales,0
59,23.7,74088.0,,47.2,Engineering,0
42,10.4,32464.0,92.0,43.8,Engineering,0
50,21.1,69763.0,10.0,52.3,HR,0
26,1.8,25000.0,,30.8,Engineering,0
31,6.4,,79.0,34.0,HR,0
49,8.7,30789.0,12.0,20.0,Engineering,0
42,16.1,46119.0,89.0,44.5,Engineering,0
28,3.4,25000.0,90.0,42.3,Marketing,0
24,1.4,25000.0,53.0,34.4,Sales,0
41,8.2,40084.0,36.0,34.5,Engineering,0
40,12.7,37326.0,60.0,34.3,Sales,0
56,26.0,88675.0,33.0,72.6,Sales,1
25,1.8,25000.0,29.0,20.0,Marketing,0
26,2.7,25000.0,41.0,26.0,Sales,0
22,0.0,25000.0,22.0,27.8,Sales,0
25,2.5,25000.0,52.0,22.9,Engineering,0
33,6.6,25000.0,29.0,26.6,Marketing,0
48,20.9,59035.0,11.0,44.2,Sales,0
44,17.2,46441.0,77.0,46.2,Engineering,0
46,13.1,55811.0,69.0,46.0,Marketing,0
42,8.8,33116.0,98.0,38.1,Engineering,0
45,12.5,39227.0,13.0,30.2,Marketing,0
46,19.1,55834.0,26.0,35.3,Marketing,0
53,13.5,50489.0,10.0,36.3,HR,0
53,19.1,61676.0,42.0,,HR,0
26,3.1,25000.0,39.0,29.4,HR,0
57,17.9,66173.0,14.0,39.9,Sales,1
37,10.3,38525.0,21.0,36.5,Engineering,0
54,14.3,61150.0,41.0,57.4,Marketing,0
42,7.3,36554.0,47.0,35.8,Engineering,0
30,6.2,25000.0,26.0,20.0,Sales,0
27,1.8,,67.0,28.4,HR,0
56,15.7,62087.0,49.0,51.0,HR,0
43,17.1,51968.0,33.0,42.6,Engineering,1
26,2.0,25000.0,21.0,21.0,Engineering,0
44,19.4,63759.0,28.0,49.5,Marketing,0
38,14.2,41829.0,38.0,35.0,Engineering,0
33,5.1,25000.0,94.0,,Marketing,1
44,7.1,35950.0,99.0,41.5,Marketing,0
37,10.8,40689.0,61.0,37.6,HR,0
24,1.1,25000.0,26.0,20.0,Engineering,0
51,10.5,46664.0,82.0,57.1,HR,0
43,15.2,,30.0,48.3,Marketing,0
30,2.5,25000.0,69.0,33.2,HR,0
50,23.0,69925.0,84.0,70.0,HR,1
58,13.8,51867.0,29.0,44.4,Marketing,0
44,8.3,30080.0,62.0,33.4,Sales,0
34,4.9,25000.0,89.0,26.9,Sales,0
53,27.2,82501.0,72.0,68.1,Engineering,1
44,15.7,51839.0,66.0,46.1,HR,0
38,12.5,43336.0,38.0,30.8,Engineering,0
42,10.8,45661.0,10.0,25.0,HR,0
23,0.5,25000.0,91.0,37.3,Engineering,0
58,15.9,55311.0,68.0,52.1,Engineering,0
27,2.9,25000.0,73.0,25.4,Marketing,0
39,10.7,34687.0,95.0,38.4,Sales,0
51,19.7,65319.0,81.0,65.6,Sales,1
43,9.5,,80.0,34.7,Sales,0
54,27.8,84482.0,98.0,76.8,Marketing,1
51,11.7,48341.0,53.0,41.9,Sales,0
38,14.1,44783.0,57.0,43.8,Marketing,0
53,9.6,43854.0,84.0,41.8,HR,0
35,7.7,25000.0,24.0,21.9,Marketing,0
31,4.5,25000.0,44.0,26.3,Engineering,0
57,19.9,55259.0,32.0,44.4,Engineering,0
55,21.2,63671.0,62.0,55.2,HR,0
30,4.5,29534.0,54.0,32.2,HR,0
49,14.8,51612.0,94.0,64.2,Engineering,0
32,7.4,25000.0,22.0,33.9,Sales,0
35,9.2,37414.0,43.0,30.3,Sales,0
40,14.4,52620.0,47.0,32.9,Sales,0
36,6.3,25000.0,79.0,35.4,HR,0
49,18.0,72191.0,77.0,64.5,Engineering,0
45,15.0,52382.0,14.0,43.0,Marketing,0
29,3.7,25000.0,49.0,27.9,HR,0
30,4.7,25000.0,79.0,32.8,Engineering,0
54,15.6,57676.0,30.0,50.1,Sales,0
54,12.3,43843.0,37.0,43.0,Sales,0
40,7.7,41813.0,12.0,23.3,Sales,0
24,0.7,25000.0,32.0,20.0,Engineering,0
31,6.4,30088.0,81.0,35.7,Sales,0
22,0.0,25000.0,28.0,22.8,Engineering,0
50,24.4,72739.0,84.0,64.2,HR,0
55,24.3,86759.0,59.0,71.8,Marketing,1
34,4.0,25000.0,83.0,38.2,Sales,0
22,0.0,25000.0,67.0,38.7,HR,0
55,27.0,85418.0,29.0,65.6,HR,1
50,15.8,67509.0,,56.9,Engineering,0
34,7.8,40544.0,92.0,44.7,HR,0
50,24.8,83419.0,62.0,67.6,Engineering,1
45,14.2,,94.0,63.6,Engineering,0
47,21.1,62127.0,91.0,61.6,HR,0
38,5.6,28679.0,18.0,33.0,Engineering,0
28,2.5,25000.0,13.0,20.0,Engineering,0
34,6.8,25000.0,50.0,28.6,Engineering,0
26,2.6,25000.0,34.0,35.2,HR,0
47,19.7,60896.0,43.0,46.3,Marketing,0
24,1.8,25000.0,82.0,33.8,Engineering,0
28,3.2,25000.0,18.0,20.0,Sales,0
22,0.0,25000.0,91.0,35.3,HR,0
38,12.5,50315.0,84.0,46.4,HR,0
46,15.9,53223.0,22.0,45.1,Engineering,0
24,0.8,25000.0,18.0,21.0,HR,0
36,8.4,33922.0,89.0,35.7,Sales,0
50,20.9,69439.0,13.0,53.1,Marketing,0
53,23.6,73680.0,43.0,58.6,HR,0
47,15.0,54111.0,16.0,44.0,HR,0
37,7.2,28443.0,24.0,20.0,HR,0
46,21.2,62781.0,47.0,53.1,Engineering,0
49,18.8,61179.0,84.0,61.5,Sales,0
30,4.4,26439.0,61.0,27.7,Marketing,0
22,0.0,25000.0,90.0,28.4,Sales,0
50,20.7,70592.0,92.0,65.3,Sales,1
43,9.4,36407.0,16.0,33.6,HR,1
37,6.0,25000.0,54.0,33.1,Marketing,1
28,3.7,25000.0,68.0,28.1,Sales,0
35,6.2,25000.0,30.0,20.0,Marketing,0
50,19.0,56825.0,37.0,43.1,Engineering,0
40,6.7,,12.0,20.0,HR,0
40,12.5,40447.0,23.0,33.8,Engineering,0
23,0.5,25000.0,11.0,20.0,Marketing,0
36,4.2,28486.0,38.0,22.8,HR,0
24,0.8,25000.0,27.0,27.6,Engineering,0
32,8.6,35773.0,46.0,33.8,HR,1
51,23.8,75620.0,,63.4,Engineering,0
39,7.5,37529.0,54.0,27.2,Sales,1
23,0.8,25000.0,33.0,20.0,HR,0
53,20.6,64442.0,55.0,46.8,Marketing,0
29,6.2,34008.0,21.0,24.5,HR,0
43,11.0,38127.0,62.0,40.7,Marketing,0
27,3.5,25000.0,54.0,20.0,Engineering,0
33,3.7,25000.0,41.0,32.8,Engineering,0
57,18.8,66542.0,27.0,50.6,Marketing,1
36,12.3,45531.0,22.0,41.6,Engineering,0
49,16.8,52916.0,13.0,33.4,HR,0
39,8.0,35262.0,32.0,32.4,Engineering,1
23,0.4,25000.0,71.0,31.3,Marketing,0
34,8.7,31952.0,63.0,38.0,Marketing,1
36,9.6,33851.0,83.0,38.0,Sales,0
41,10.0,33259.0,64.0,37.3,Marketing,1
50,24.4,78402.0,78.0,73.4,Engineering,1
50,8.8,33698.0,49.0,29.0,Marketing,0
24,1.0,25000.0,23.0,22.5,Engineering,0
40,15.3,49743.0,37.0,31.1,Engineering,0
24,1.0,25000.0,81.0,36.4,Sales,0
35,5.9,25000.0,89.0,44.2,Engineering,0
25,1.9,25000.0,80.0,26.4,Marketing,0
32,7.9,26728.0,76.0,32.6,Marketing,0
52,10.9,40058.0,38.0,38.7,Marketing,0
53,26.8,79080.0,70.0,66.9,Engineering,1
48,20.2,61250.0,77.0,,Marketing,0
51,11.9,,18.0,37.2,HR,0
23,0.7,25000.0,26.0,20.0,HR,0
30,4.2,26865.0,58.0,29.1,Marketing,1
49,14.6,49546.0,72.0,47.6,Engineering,0
52,23.1,70081.0,93.0,59.4,Marketing,0
55,29.0,90919.0,87.0,77.7,HR,1
36,5.3,25000.0,55.0,35.5,Engineering,0
46,13.3,46063.0,22.0,33.0,Marketing,0
57,20.6,69699.0,54.0,51.1,Engineering,0
29,3.7,25000.0,62.0,28.3,Marketing,0
30,4.1,25000.0,26.0,20.0,Sales,0
58,11.9,51828.0,56.0,39.1,Engineering,0
53,22.1,63915.0,71.0,57.5,HR,0
38,9.0,29327.0,59.0,27.8,HR,0
56,14.2,48359.0,52.0,39.5,HR,0
58,28.4,83110.0,77.0,71.6,HR,1
40,14.1,47680.0,93.0,42.7,Marketing,0
50,16.6,59027.0,84.0,47.4,Marketing,0
28,2.9,25000.0,95.0,39.0,Engineering,1
49,18.4,58330.0,81.0,45.4,Sales,0
30,3.8,25000.0,37.0,20.0,Sales,0
49,11.9,43021.0,54.0,30.5,Engineering,1
27,3.7,25000.0,50.0,24.2,HR,0
50,9.1,36183.0,45.0,35.3,Sales,0
38,5.7,25000.0,93.0,35.8,Sales,0
37,4.6,25000.0,42.0,37.0,Engineering,0
44,8.6,26102.0,34.0,29.6,HR,1
52,10.2,39462.0,28.0,27.3,Marketing,0
24,1.8,25000.0,56.0,21.9,Marketing,0
42,9.5,35038.0,94.0,55.7,Sales,1
47,9.7,,42.0,40.3,Marketing,0
57,15.6,55876.0,76.0,55.4,Engineering,0
58,31.0,98867.0,,70.9,Sales,1
43,12.9,43346.0,88.0,47.9,Sales,0
33,5.7,27244.0,42.0,20.0,HR,0
34,9.9,40575.0,51.0,38.0,Marketing,0
32,5.4,25000.0,95.0,36.0,HR,0
37,7.5,29746.0,74.0,30.1,Sales,0
29,3.0,25000.0,56.0,25.2,Marketing,0
23,0.5,25000.0,44.0,33.0,HR,0
51,14.2,55806.0,93.0,55.2,Marketing,1
51,20.5,70519.0,41.0,,Sales,1
33,5.2,26929.0,64.0,22.0,Sales,0
31,5.8,25000.0,63.0,26.7,Sales,0
32,3.4,25000.0,85.0,25.9,Engineering,0
36,5.8,26913.0,60.0,23.9,HR,0
37,8.2,25563.0,89.0,30.7,HR,0
38,13.8,51245.0,68.0,49.3,Sales,0
47,13.2,38754.0,81.0,43.4,HR,0
23,0.7,25000.0,23.0,20.0,Sales,0
33,5.0,,27.0,20.0,HR,0
47,9.4,36179.0,64.0,44.3,Marketing,0
44,7.4,33656.0,65.0,34.0,HR,0
39,8.2,34293.0,58.0,28.9,Sales,0
53,12.2,39861.0,69.0,41.7,HR,0
59,15.0,62281.0,62.0,54.9,Marketing,0
24,1.5,25000.0,80.0,31.1,Marketing,0
59,11.5,58024.0,15.0,42.4,Marketing,0
24,1.3,25000.0,79.0,26.7,Sales,0
51,15.3,53797.0,95.0,58.7,Engineering,0
22,0.0,25000.0,17.0,20.0,Sales,0
51,18.5,60996.0,24.0,42.4,Marketing,0
53,15.1,54399.0,35.0,46.5,HR,0
49,12.9,,48.0,51.8,Marketing,0
42,14.8,55733.0,12.0,47.5,Engineering,0
34,9.9,37207.0,66.0,43.3,Engineering,1
48,10.8,50246.0,19.0,,Marketing,1
57,12.5,,12.0,20.2,Sales,0
28,5.0,25000.0,,34.7,Engineering,0
43,10.7,45928.0,31.0,43.7,Marketing,0
31,5.7,26287.0,76.0,29.4,Sales,0
36,7.2,25000.0,74.0,36.1,HR,0
36,5.3,30997.0,,24.6,Sales,1
25,2.0,25000.0,71.0,38.4,Engineering,0
53,19.1,65365.0,66.0,54.2,Sales,0
44,9.3,36892.0,97.0,53.9,Sales,0
27,2.9,25319.0,85.0,37.8,HR,0
45,17.9,60473.0,22.0,53.7,Marketing,0
41,12.4,42090.0,25.0,30.7,Sales,0
58,12.9,45593.0,25.0,37.4,HR,0
41,11.9,45838.0,61.0,37.9,Engineering,0
33,7.9,34581.0,93.0,45.9,Marketing,0
54,24.8,78483.0,50.0,66.8,Engineering,1
49,18.3,57661.0,57.0,61.8,Marketing,0
29,2.7,25000.0,48.0,28.7,Sales,0
22,0.0,25000.0,22.0,,Sales,0
58,25.4,90747.0,13.0,60.7,Marketing,0
43,6.6,25727.0,52.0,30.3,Engineering,0
27,2.7,25000.0,90.0,32.8,Engineering,0
42,10.0,31848.0,97.0,41.2,Engineering,0
53,21.8,64851.0,55.0,55.1,Sales,0
56,14.6,52117.0,56.0,44.2,Marketing,0
36,9.2,31459.0,95.0,40.3,Marketing,1
26,3.4,25000.0,62.0,27.2,Engineering,0
27,3.9,25000.0,34.0,21.6,Sales,0
46,20.5,63932.0,,58.0,Marketing,0
50,24.8,92517.0,12.0,65.0,Marketing,0
28,1.8,25000.0,86.0,35.6,Engineering,0
34,8.1,29932.0,22.0,20.0,Engineering,0
59,20.3,62063.0,27.0,48.9,Marketing,1
39,13.9,46047.0,46.0,42.6,Sales,0
23,0.5,25000.0,52.0,25.1,HR,0
29,6.2,25000.0,43.0,35.7,Marketing,0
32,6.7,25000.0,90.0,23.2,Marketing,0
54,24.8,79835.0,64.0,69.9,Sales,1
59,13.0,47576.0,61.0,47.5,Marketing,0
48,10.7,37479.0,94.0,46.5,HR,0
41,14.3,51961.0,45.0,44.5,Sales,0
33,3.4,25000.0,63.0,32.0,HR,0
52,23.7,69410.0,68.0,64.2,HR,1
48,8.0,35287.0,61.0,32.1,Marketing,0
53,21.5,73881.0,28.0,56.3,HR,0
31,4.7,25000.0,21.0,20.0,Marketing,0
24,1.3,25000.0,20.0,20.0,Marketing,0
48,18.7,59623.0,57.0,,Sales,0
56,17.2,64852.0,88.0,58.0,Sales,0
52,10.9,47145.0,25.0,28.9,Sales,0
36,4.8,25000.0,,30.0,Marketing,0
37,9.8,34212.0,56.0,30.0,HR,0
34,7.3,,76.0,39.4,HR,0
56,25.3,76414.0,40.0,59.7,Sales,0
32,6.1,25000.0,85.0,40.6,Sales,0
42,11.1,37902.0,17.0,25.3,Marketing,0
32,5.4,25000.0,98.0,40.6,Engineering,0
51,9.2,36032.0,70.0,52.2,Engineering,0
56,17.0,61920.0,53.0,53.7,Marketing,0
43,18.6,,59.0,58.4,Engineering,0
59,30.5,92051.0,44.0,73.6,Engineering,1
52,14.9,48791.0,85.0,42.4,Engineering,0
35,8.5,35308.0,70.0,40.5,Sales,0
45,18.6,60924.0,94.0,60.9,HR,0
53,17.5,57816.0,99.0,57.0,HR,0
57,10.9,51228.0,64.0,,Sales,1
53,10.7,39825.0,75.0,45.0,Sales,0
36,8.5,25000.0,23.0,20.0,Sales,0
56,30.0,88260.0,13.0,72.1,Engineering,1
24,1.4,25000.0,26.0,22.4,Marketing,0
37,5.1,25000.0,78.0,26.2,Marketing,0
26,1.7,25000.0,33.0,20.7,Engineering,0
42,15.3,50983.0,58.0,44.2,Engineering,0
31,7.2,32355.0,64.0,46.4,Sales,0
40,12.1,41836.0,80.0,39.5,Sales,0
46,16.5,58007.0,32.0,44.5,HR,0
25,1.0,25000.0,90.0,32.0,Sales,0
50,22.3,73746.0,21.0,55.9,Engineering,0
40,13.9,,20.0,33.2,HR,0
23,0.5,25000.0,84.0,27.8,Sales,0
31,6.5,26840.0,38.0,24.5,HR,0
46,10.3,36837.0,71.0,37.3,HR,0
41,6.2,25000.0,62.0,,Sales,0
40,7.6,30901.0,57.0,29.3,Marketing,0
44,9.0,29253.0,95.0,44.4,Engineering,0
45,11.6,,75.0,43.7,Engineering,0
32,5.5,25000.0,57.0,22.4,HR,0
55,20.0,73616.0,68.0,60.4,Marketing,0
49,15.8,52549.0,80.0,51.3,Marketing,0
26,1.8,25000.0,66.0,23.2,Sales,0
26,1.3,25000.0,85.0,41.8,Sales,0
42,13.3,40330.0,12.0,33.6,Engineering,0
33,5.9,25000.0,90.0,,Sales,1
25,1.4,25000.0,41.0,26.8,Sales,0
41,15.6,49002.0,17.0,25.6,HR,0
59,27.7,93585.0,96.0,89.3,Marketing,1
46,19.6,49397.0,39.0,36.4,Marketing,0
35,7.8,37740.0,,26.0,Sales,0
32,3.8,25000.0,83.0,34.0,Sales,0
53,22.2,73099.0,64.0,68.4,Sales,1
32,4.2,25000.0,47.0,31.3,Engineering,0
39,9.6,38336.0,24.0,34.9,Engineering,0
48,8.8,34530.0,39.0,29.3,HR,0
39,13.5,39480.0,55.0,35.7,Engineering,1
44,8.3,27912.0,73.0,34.9,Marketing,0
32,8.4,25000.0,35.0,23.0,Engineering,0
42,16.4,55501.0,87.0,58.8,Marketing,0
26,2.3,25000.0,76.0,36.0,Engineering,0
44,16.4,46000.0,45.0,42.6,Engineering,0
46,16.1,55896.0,99.0,44.4,HR,0
31,7.0,25000.0,87.0,34.7,Sales,0
43,11.7,48795.0,40.0,40.0,Sales,0
40,13.9,56682.0,87.0,56.0,Sales,0
22,0.0,25000.0,49.0,22.7,HR,0
28,5.2,26662.0,83.0,27.8,Marketing,0
25,1.8,25000.0,82.0,35.4,Engineering,0
22,0.0,25000.0,55.0,25.9,HR,0
36,10.8,35533.0,51.0,36.8,Marketing,1
33,8.7,34922.0,27.0,25.3,HR,0
43,13.3,45950.0,45.0,46.7,HR,0
43,8.6,25000.0,85.0,38.7,Marketing,0
38,9.3,45015.0,59.0,43.3,Sales,0
50,24.7,78916.0,,65.5,Engineering,1
35,9.8,34740.0,49.0,37.2,Sales,0
41,14.9,45958.0,12.0,35.0,HR,0
54,10.2,40755.0,91.0,46.6,Marketing,0
36,8.1,37396.0,,33.3,HR,0
33,7.6,30208.0,40.0,35.3,Sales,0
41,15.2,52177.0,74.0,43.3,Sales,0
51,9.6,33054.0,73.0,31.4,Sales,0
59,30.0,90952.0,86.0,73.9,Engineering,1
24,1.3,25000.0,12.0,20.0,Sales,0
49,11.3,46433.0,44.0,39.4,Engineering,0
47,12.3,42771.0,24.0,36.3,Engineering,0
51,13.6,53939.0,30.0,41.9,Sales,0
34,7.4,25000.0,,28.2,Marketing,0
34,4.0,25000.0,92.0,40.7,HR,0
23,0.4,25000.0,37.0,24.8,HR,1
58,28.4,80822.0,13.0,58.2,Engineering,0
59,14.0,52461.0,22.0,45.1,Engineering,0
23,0.4,25000.0,88.0,33.7,Engineering,0
57,20.0,74169.0,60.0,71.7,HR,1
47,15.3,50299.0,57.0,42.7,Engineering,0
32,7.6,30354.0,48.0,39.8,Marketing,0
29,4.0,25000.0,76.0,27.0,Marketing,0
43,16.3,54833.0,67.0,52.5,Engineering,1
41,12.7,41975.0,93.0,43.4,HR,0
29,2.6,25000.0,11.0,24.5,Sales,0
50,11.0,56669.0,34.0,42.2,HR,0
47,14.1,47583.0,20.0,37.2,Sales,1
51,15.6,53240.0,10.0,34.2,Sales,0
38,11.9,45660.0,57.0,46.5,Engineering,0
41,12.3,39208.0,57.0,34.3,Marketing,0
37,8.0,33116.0,19.0,34.3,Engineering,0
28,2.4,25000.0,90.0,29.7,Sales,0
37,6.5,28574.0,39.0,20.1,Engineering,0
48,16.8,67882.0,44.0,58.8,Sales,0
44,12.2,39679.0,28.0,29.1,Engineering,0
45,14.0,56188.0,62.0,49.8,Marketing,0
30,3.2,25000.0,43.0,23.7,Marketing,0
56,23.7,80597.0,41.0,55.4,HR,0
41,15.4,52506.0,,51.6,Sales,0
58,16.4,67791.0,90.0,69.5,Sales,1
38,9.5,33550.0,15.0,30.4,Engineering,0
52,26.6,84586.0,22.0,61.9,HR,0
29,3.5,,95.0,41.2,Marketing,0
36,9.2,31006.0,84.0,32.2,Engineering,0
52,10.6,47102.0,73.0,44.4,HR,0
51,19.2,63207.0,16.0,47.3,Marketing,0
41,6.7,25000.0,54.0,26.8,Engineering,0
33,9.6,26642.0,54.0,27.3,Marketing,1
38,11.7,40196.0,94.0,39.6,Sales,0
51,22.4,,74.0,55.2,HR,0
50,20.2,55105.0,28.0,46.4,Marketing,0
40,11.8,42502.0,56.0,40.8,HR,0
32,5.7,28312.0,55.0,34.4,Engineering,0
55,26.9,77360.0,38.0,57.0,HR,0
28,5.2,25000.0,93.0,31.7,Engineering,0
55,19.8,68862.0,70.0,,HR,0
41,16.3,57293.0,74.0,57.3,Engineering,1
59,24.0,85720.0,32.0,62.4,Engineering,0
45,14.3,46318.0,60.0,46.9,Engineering,1
31,5.2,25000.0,72.0,26.0,Marketing,0
53,13.2,57163.0,31.0,43.5,Sales,0
36,4.2,25000.0,80.0,32.3,HR,0
58,16.0,59936.0,42.0,,Sales,0
41,11.5,,53.0,46.3,Sales,0
24,1.1,25000.0,16.0,28.6,Sales,0
58,20.5,72566.0,11.0,43.8,Sales,0
29,6.2,30590.0,26.0,26.2,HR,0
44,11.2,43824.0,74.0,44.9,HR,0
32,5.7,27790.0,67.0,35.0,Sales,0
29,2.7,25000.0,39.0,20.4,HR,0
50,9.2,43800.0,95.0,56.6,HR,0
51,22.2,72867.0,35.0,55.6,Engineering,0
31,5.8,25000.0,44.0,20.0,HR,0
49,20.4,66915.0,72.0,58.9,Marketing,1
57,13.6,40252.0,84.0,42.1,Sales,0
34,7.7,33020.0,80.0,51.9,HR,0
53,14.0,49732.0,37.0,45.8,Sales,0
57,15.3,64878.0,34.0,50.3,HR,0
58,11.0,47348.0,70.0,45.0,Sales,0
47,9.5,42471.0,40.0,41.1,Marketing,0
43,10.2,33154.0,63.0,39.7,HR,0
25,1.1,25000.0,76.0,20.0,HR,0
52,26.7,79147.0,,68.0,Marketing,1
39,8.2,37653.0,67.0,38.6,HR,0
59,14.0,47108.0,43.0,33.4,Sales,0
45,9.6,38049.0,,43.4,Marketing,0
44,14.4,43411.0,30.0,46.2,Engineering,1
43,7.1,31279.0,65.0,36.6,Sales,0
23,0.8,25000.0,46.0,31.4,HR,0
52,26.3,84956.0,73.0,80.3,Sales,1
32,4.5,25000.0,28.0,20.0,Marketing,0
49,15.4,40889.0,94.0,36.8,HR,0
53,9.7,37472.0,87.0,45.7,HR,0
26,2.7,25000.0,83.0,32.0,Marketing,0
59,20.3,65896.0,62.0,49.5,Engineering,0
31,4.2,26936.0,80.0,33.6,HR,0
45,9.8,38358.0,72.0,43.6,HR,0
56,23.5,80943.0,71.0,67.4,HR,1
44,12.1,44475.0,81.0,41.9,Engineering,0
38,6.5,26270.0,86.0,33.6,Sales,1
22,0.0,25000.0,28.0,22.2,Engineering,0
52,19.2,58539.0,84.0,46.2,Sales,0
52,24.5,82333.0,11.0,56.4,HR,0
55,12.2,44860.0,15.0,26.2,Sales,0
30,6.2,27111.0,38.0,29.0,Sales,0
43,14.8,47271.0,50.0,33.7,Sales,0
34,4.4,25000.0,60.0,33.7,Sales,0
46,17.2,59576.0,14.0,40.5,HR,0
39,9.6,31966.0,50.0,28.6,Marketing,0
33,9.5,31648.0,71.0,36.8,Engineering,0
38,6.2,25000.0,39.0,20.1,Sales,0
36,9.6,32334.0,,37.1,HR,0
36,7.4,,36.0,23.2,HR,0
36,12.2,39863.0,59.0,35.6,HR,0
34,6.0,29291.0,91.0,39.8,HR,0
38,14.0,47128.0,61.0,37.9,Sales,0
53,26.1,96587.0,58.0,69.7,Engineering,1
30,3.7,25000.0,71.0,32.1,HR,0
41,14.9,40873.0,69.0,40.9,Engineering,0
47,22.4,69036.0,89.0,64.7,Engineering,0
48,11.7,43019.0,63.0,42.9,Engineering,0
42,11.2,37532.0,14.0,28.1,Marketing,0
39,10.4,38063.0,18.0,32.0,HR,0
34,5.7,25000.0,43.0,25.8,HR,0
37,4.6,25000.0,45.0,20.0,HR,0
30,3.5,25000.0,29.0,20.0,Engineering,0
33,5.2,28621.0,90.0,46.7,HR,0
59,20.9,62059.0,93.0,60.0,HR,0
40,7.2,28682.0,94.0,42.7,Engineering,0
28,4.9,25000.0,92.0,33.3,HR,0
56,24.6,,72.0,67.3,Sales,1
39,6.0,25784.0,76.0,30.1,Marketing,0
37,10.4,38358.0,39.0,45.7,Sales,0
25,2.1,25000.0,78.0,33.5,Sales,0
46,21.0,70143.0,79.0,59.9,Sales,1
53,9.4,39582.0,12.0,20.5,Engineering,0
34,5.4,25998.0,58.0,,HR,0
38,13.7,,51.0,46.4,Sales,0
58,30.9,98671.0,33.0,76.1,Sales,1
27,3.7,25000.0,53.0,31.5,HR,0
40,13.7,52639.0,10.0,34.8,Engineering,0
34,4.3,25000.0,63.0,32.6,Sales,0
47,15.2,47286.0,61.0,40.7,HR,0
35,5.7,25000.0,45.0,20.7,HR,0
52,12.3,38989.0,88.0,49.4,Marketing,0
25,2.4,25000.0,47.0,25.3,Sales,0
29,2.7,25000.0,53.0,29.9,Sales,0
46,13.9,49163.0,91.0,,Marketing,0
34,10.4,36828.0,96.0,46.9,HR,0
53,12.8,40842.0,56.0,30.6,HR,0
59,32.8,87806.0,38.0,63.2,Sales,0
59,33.2,108054.0,60.0,,Sales,1
49,17.1,,50.0,44.5,Marketing,0
51,11.7,52329.0,95.0,56.0,Sales,1
24,1.0,25000.0,73.0,37.2,Sales,0
49,15.0,55874.0,97.0,63.4,Engineering,0
24,1.0,25000.0,57.0,26.4,Marketing,0
55,15.5,53262.0,86.0,54.2,HR,0
37,13.3,47943.0,31.0,40.4,Sales,0
43,8.2,32601.0,26.0,30.0,HR,0
53,22.9,70202.0,95.0,61.4,Sales,0
59,11.1,34960.0,14.0,35.2,Engineering,1
29,4.6,25000.0,70.0,35.3,Marketing,0
29,5.9,28933.0,98.0,43.7,Marketing,0
27,2.4,,15.0,25.7,HR,0
35,5.3,25000.0,62.0,31.7,Engineering,0
53,21.4,64956.0,90.0,56.2,HR,0
56,24.7,83064.0,26.0,59.9,Engineering,0
31,6.4,25223.0,68.0,22.2,Sales,0
24,1.0,25000.0,48.0,28.3,Sales,0
33,5.0,25000.0,63.0,28.4,Engineering,1
52,26.2,91619.0,57.0,72.3,Sales,1
50,23.9,78442.0,46.0,67.5,Marketing,1
26,2.3,25000.0,57.0,25.8,Engineering,0
46,19.4,57986.0,77.0,52.8,Engineering,0
52,17.1,58749.0,87.0,56.7,HR,0
42,11.1,,86.0,34.6,Engineering,0
41,7.5,34960.0,36.0,29.2,HR,0
43,11.7,48949.0,97.0,39.6,Engineering,0
25,1.9,25000.0,,20.9,Marketing,0
34,3.8,25000.0,81.0,37.1,Marketing,0
41,10.8,42529.0,72.0,45.0,Marketing,0
34,9.2,30660.0,61.0,29.7,HR,0
38,11.3,43724.0,56.0,40.6,HR,0
57,23.8,74735.0,30.0,50.4,Sales,0
54,27.1,77706.0,66.0,65.0,HR,0
22,0.0,25000.0,84.0,48.1,HR,0
36,8.9,35471.0,51.0,43.1,Marketing,0
34,9.3,35993.0,57.0,35.7,Engineering,0
38,10.0,41251.0,36.0,35.5,HR,0
45,11.4,43639.0,81.0,40.4,Sales,0
29,2.7,25000.0,42.0,21.1,Engineering,0
48,21.6,70917.0,85.0,66.1,HR,1
44,12.8,37913.0,44.0,31.5,Engineering,0
29,5.8,25000.0,25.0,26.2,Engineering,0
29,4.6,25000.0,45.0,33.5,Engineering,0
47,17.6,,75.0,48.5,Engineering,0
34,9.4,35095.0,85.0,40.9,Engineering,0
58,25.0,76244.0,65.0,55.4,HR,0
49,14.5,43354.0,26.0,37.8,Engineering,0
46,14.6,,29.0,33.7,Engineering,0
37,11.7,34820.0,94.0,39.9,Sales,0
23,0.5,25000.0,93.0,40.1,Sales,0
39,9.1,41701.0,17.0,36.3,Engineering,0
38,5.7,25000.0,27.0,20.0,HR,0
51,24.6,83686.0,27.0,59.1,Sales,0
34,4.3,27828.0,27.0,20.5,Sales,0
53,21.4,69823.0,11.0,42.8,Engineering,0
50,15.3,61917.0,85.0,55.1,HR,0
51,15.8,51692.0,81.0,42.6,Marketing,0
39,12.0,31924.0,60.0,36.7,HR,0
34,4.1,25000.0,19.0,22.4,Sales,0
42,13.1,42012.0,84.0,47.6,Sales,0
51,22.1,73222.0,23.0,48.6,Sales,1
42,15.9,46576.0,35.0,32.1,Sales,0
38,6.4,25000.0,56.0,28.1,Sales,0
40,15.1,43503.0,39.0,37.1,Engineering,0
36,9.7,31785.0,65.0,33.5,Engineering,0
30,6.6,32214.0,51.0,30.2,Engineering,0
31,5.3,25000.0,13.0,27.8,Sales,0
52,18.8,59715.0,20.0,45.9,Engineering,0
44,18.7,66052.0,33.0,60.5,Sales,0
51,24.4,76428.0,95.0,76.3,HR,1
54,18.2,62368.0,76.0,65.3,Marketing,1
30,3.7,25000.0,46.0,20.5,HR,0
22,0.0,25000.0,11.0,21.8,Marketing,0
56,18.1,66631.0,21.0,46.5,Engineering,0
32,4.7,25575.0,30.0,20.0,Marketing,1
55,15.2,53772.0,78.0,58.9,HR,0
37,12.2,34619.0,80.0,37.6,HR,0
30,2.7,25000.0,73.0,26.0,Marketing,0
53,21.9,76336.0,77.0,64.2,HR,1
36,5.7,29149.0,52.0,25.9,Engineering,0
33,5.6,32451.0,63.0,30.8,HR,1
54,10.8,40748.0,71.0,,Marketing,0
35,6.0,29397.0,95.0,47.3,Engineering,0
29,5.3,25000.0,,29.7,Marketing,0
29,5.8,25000.0,99.0,44.8,Sales,0
48,11.3,,21.0,40.6,Sales,0
33,6.4,30432.0,10.0,24.3,Engineering,0
22,0.0,25000.0,81.0,36.6,Engineering,0
32,8.2,28760.0,42.0,27.6,HR,0
52,22.7,67376.0,73.0,65.9,Marketing,1
38,9.7,34521.0,77.0,,Sales,0
54,22.5,65899.0,23.0,40.2,HR,0
53,25.1,76934.0,23.0,57.4,Sales,0
50,8.6,27469.0,18.0,25.8,HR,0
42,10.8,33007.0,82.0,37.0,HR,0
42,16.9,59114.0,35.0,,Sales,0
44,16.4,57907.0,58.0,47.1,HR,0
27,3.1,25000.0,26.0,20.0,Sales,0
43,13.0,45724.0,77.0,38.1,Engineering,0
59,18.8,65694.0,69.0,49.9,Marketing,1
58,22.0,74702.0,12.0,55.5,HR,0
29,4.9,25000.0,34.0,20.0,Sales,1
56,18.7,56866.0,30.0,40.6,Sales,0
32,7.3,25000.0,21.0,20.0,Marketing,1
45,18.8,55416.0,63.0,48.1,Marketing,0
42,7.9,31578.0,10.0,20.0,Marketing,0
23,0.6,25000.0,10.0,20.7,HR,0
40,9.8,,54.0,29.5,Sales,1
49,19.2,65372.0,55.0,60.2,HR,0
38,7.2,25000.0,,25.0,HR,0
27,3.4,25000.0,16.0,20.0,Engineering,0
40,14.9,49577.0,19.0,36.9,Marketing,0
59,20.4,64922.0,24.0,49.3,Engineering,0
49,22.9,66602.0,49.0,54.4,Engineering,1
23,0.9,25000.0,20.0,20.0,HR,0
59,13.5,54756.0,65.0,51.2,HR,0
58,15.8,52375.0,55.0,,Sales,1
25,2.6,25000.0,54.0,23.6,Engineering,0
43,18.4,65675.0,,65.1,Marketing,1
47,9.0,34003.0,22.0,33.0,Engineering,1
57,10.8,44136.0,36.0,40.2,Sales,0
34,4.8,25000.0,90.0,39.3,Engineering,0
53,27.8,84461.0,59.0,69.0,Engineering,0
38,6.5,35992.0,70.0,33.3,Engineering,0
57,21.1,71379.0,22.0,47.9,Sales,0
40,14.6,40649.0,21.0,32.9,Engineering,0
56,10.6,50942.0,38.0,46.3,HR,0
49,17.9,60824.0,94.0,73.3,Engineering,1
22,0.0,25000.0,93.0,40.2,HR,0
39,13.9,53197.0,29.0,35.4,Engineering,0
54,15.0,49807.0,40.0,37.4,HR,1
33,7.8,37979.0,17.0,40.1,Engineering,0
29,4.9,25000.0,33.0,22.2,Marketing,0
45,10.0,43528.0,84.0,46.1,HR,0
37,4.8,38438.0,48.0,30.4,Marketing,0
25,1.6,25000.0,42.0,32.9,HR,0
59,17.5,60966.0,51.0,,Engineering,0
48,20.4,60065.0,24.0,41.0,Sales,0
30,6.2,25000.0,77.0,27.1,Engineering,0
37,8.6,27419.0,74.0,34.6,Sales,0
33,7.3,27215.0,41.0,26.6,Marketing,0
52,19.9,79823.0,20.0,61.4,Sales,0
45,18.3,59848.0,46.0,51.8,Sales,0
35,7.2,25732.0,28.0,21.4,Sales,0
46,11.2,40751.0,60.0,36.4,Sales,0
55,15.1,52191.0,43.0,42.6,Marketing,0
24,1.2,25000.0,80.0,29.9,Sales,0
45,13.1,45799.0,69.0,43.7,Engineering,1
30,4.5,28294.0,93.0,37.5,HR,0
47,8.9,34770.0,62.0,31.1,HR,0
41,13.9,45792.0,21.0,37.9,Engineering,0
31,3.9,25000.0,71.0,29.0,Marketing,0
40,7.5,28833.0,75.0,30.0,Engineering,0
24,1.1,25000.0,95.0,33.9,Engineering,0
45,10.0,27851.0,57.0,31.2,Sales,0
26,2.6,25000.0,49.0,26.9,Sales,0
24,1.0,25000.0,33.0,25.4,Marketing,1
48,14.8,53430.0,59.0,51.9,Marketing,0
37,9.3,31848.0,77.0,43.2,HR,0
36,5.9,30248.0,97.0,41.0,Marketing,0
56,13.4,41683.0,52.0,32.8,Engineering,0
33,9.1,35641.0,26.0,27.6,HR,0
47,14.0,50758.0,92.0,47.2,HR,0
55,18.1,,64.0,63.7,Sales,0
44,7.1,36569.0,43.0,42.9,Sales,0
52,18.0,60951.0,79.0,59.7,HR,0
41,12.0,30061.0,69.0,38.1,Sales,0
33,7.0,29646.0,60.0,33.0,Sales,1
44,15.9,54548.0,86.0,55.4,Sales,0
25,1.2,25000.0,82.0,25.1,HR,0
44,9.9,33741.0,44.0,30.9,HR,0
22,0.0,25000.0,43.0,20.9,HR,0
46,20.8,73090.0,25.0,55.1,Engineering,0
23,0.4,25000.0,91.0,34.6,HR,1
51,17.4,50098.0,27.0,48.5,Sales,0
24,0.9,25000.0,47.0,30.6,HR,0
42,6.7,29174.0,52.0,31.3,Engineering,0
46,11.9,51904.0,41.0,41.5,Sales,0
41,7.3,41574.0,16.0,39.3,Marketing,0
43,15.2,54151.0,96.0,55.2,HR,0
42,12.4,38694.0,96.0,46.7,HR,0
54,12.4,42825.0,55.0,39.8,Marketing,0
59,11.3,50329.0,70.0,45.5,Sales,0
36,11.0,44958.0,27.0,35.6,HR,0
36,5.7,25000.0,80.0,22.9,Engineering,0
46,15.9,60672.0,49.0,42.5,Sales,0
42,10.0,36452.0,97.0,45.4,HR,0
45,15.0,54571.0,87.0,61.6,Sales,1
26,2.0,25000.0,59.0,30.2,HR,0
27,1.8,25000.0,14.0,20.0,Marketing,1
44,9.5,39207.0,63.0,31.5,HR,0
25,1.2,25000.0,95.0,39.6,Sales,0
48,14.5,47847.0,67.0,42.5,HR,0
39,11.8,35917.0,31.0,33.4,HR,1
42,9.2,38074.0,83.0,43.9,Sales,1
49,8.3,36117.0,99.0,46.3,HR,0
56,20.8,67163.0,88.0,62.5,HR,0
43,13.9,47639.0,47.0,43.1,Sales,0
44,19.3,53099.0,58.0,46.4,Marketing,0
24,1.3,25000.0,10.0,20.0,Engineering,0
31,5.2,30263.0,87.0,32.8,Engineering,0
46,15.5,48977.0,45.0,29.7,Engineering,0
29,6.0,25000.0,37.0,23.2,Engineering,0
32,8.0,30463.0,44.0,36.7,Engineering,0
26,2.0,27029.0,69.0,35.5,Engineering,0
58,15.9,62649.0,71.0,57.1,Sales,0
59,16.9,59479.0,96.0,55.2,Sales,0
50,16.9,57448.0,,54.3,Sales,0
26,3.0,25000.0,92.0,34.5,HR,0
30,4.8,25000.0,91.0,42.7,Marketing,0
23,0.3,25000.0,88.0,29.4,Marketing,0
22,0.0,25000.0,70.0,26.9,Engineering,0
51,22.7,76675.0,74.0,61.7,Engineering,0
32,4.7,25000.0,98.0,28.9,Sales,0
49,18.9,62953.0,35.0,44.3,Marketing,0
33,6.1,25000.0,44.0,26.0,HR,0
47,20.8,69593.0,66.0,56.0,HR,0
34,9.7,33577.0,88.0,20.7,Sales,0
29,4.3,30240.0,72.0,39.9,Engineering,0
49,19.3,70044.0,13.0,40.9,Marketing,0
51,24.1,69029.0,88.0,66.6,HR,1
30,4.8,25000.0,51.0,27.0,Engineering,0
52,14.6,55776.0,54.0,58.6,Marketing,0
42,15.0,,48.0,46.5,HR,0
55,14.3,58312.0,74.0,51.2,Engineering,0
52,16.0,61073.0,31.0,43.4,HR,0
46,19.7,62632.0,20.0,53.3,Engineering,0
33,8.1,35056.0,46.0,25.2,Engineering,0
22,0.0,25000.0,99.0,37.4,Engineering,0
43,9.0,42188.0,60.0,39.5,Marketing,0
58,18.5,68083.0,67.0,57.1,Sales,0
22,0.0,25000.0,86.0,35.6,Engineering,0
22,0.0,25000.0,,20.8,Engineering,0
42,14.9,39719.0,17.0,32.2,HR,0
36,6.3,25000.0,60.0,29.4,HR,0
38,9.2,39878.0,32.0,,Marketing,0
43,11.2,40836.0,99.0,47.5,Sales,0
59,32.9,99609.0,18.0,66.7,HR,1
56,18.2,62526.0,55.0,52.7,Marketing,0
37,5.2,25000.0,47.0,22.5,Marketing,0
29,2.5,25000.0,22.0,20.0,Marketing,0
38,10.5,34555.0,16.0,24.6,Engineering,0
38,10.6,39997.0,20.0,30.1,Sales,0
47,13.8,42877.0,83.0,45.4,Sales,0
34,6.7,30655.0,59.0,36.8,Sales,1
38,5.3,,76.0,,Engineering,0
59,22.6,73995.0,50.0,60.3,Engineering,0
38,9.6,33589.0,,30.6,HR,0
35,5.1,25000.0,46.0,22.8,HR,0
27,1.8,25000.0,65.0,30.0,HR,0
56,12.7,50196.0,89.0,,Marketing,0
35,4.7,25023.0,25.0,22.6,Sales,0
29,4.7,25000.0,53.0,28.4,Engineering,0
36,5.9,25000.0,59.0,24.9,HR,1
48,11.7,43800.0,80.0,55.0,Marketing,0
34,4.8,25000.0,88.0,31.0,Engineering,0
52,26.2,79986.0,15.0,48.0,Marketing,0
56,27.6,93881.0,27.0,72.3,Marketing,1
27,2.2,25000.0,28.0,21.7,Marketing,0
26,2.0,25000.0,60.0,27.2,Sales,0
43,8.9,32156.0,75.0,33.7,Engineering,1
44,13.1,44309.0,12.0,41.3,Engineering,0
46,7.5,30100.0,98.0,41.4,Marketing,0
55,23.2,75844.0,63.0,65.9,Sales,1
47,15.3,47210.0,58.0,43.9,Marketing,0
26,3.4,25000.0,37.0,25.4,HR,0
47,10.0,35728.0,47.0,40.2,Engineering,0
41,14.9,46281.0,37.0,37.0,Engineering,0
27,3.9,28454.0,41.0,20.0,Sales,0
27,1.9,25000.0,50.0,31.0,Engineering,0
39,9.2,26352.0,45.0,29.1,Engineering,0
25,1.2,,45.0,26.2,Engineering,0
38,7.2,28971.0,96.0,40.9,Sales,0
35,6.0,35058.0,75.0,36.5,Marketing,1
35,8.2,34330.0,19.0,26.8,Engineering,0
34,6.6,26536.0,79.0,32.8,Marketing,0
28,5.2,25000.0,81.0,29.9,Sales,0
36,5.3,29436.0,88.0,43.2,Marketing,0
40,15.9,52640.0,72.0,42.4,HR,0
56,14.9,62709.0,31.0,59.8,Engineering,0
38,12.2,33461.0,29.0,32.5,Sales,0
56,17.1,61668.0,42.0,40.6,Sales,0
40,6.9,26434.0,24.0,21.3,Marketing,0
41,15.5,53121.0,16.0,37.8,Engineering,0
57,17.0,60854.0,97.0,61.9,Sales,0
56,23.6,78348.0,,67.1,HR,1
53,19.8,70288.0,59.0,58.8,Marketing,0
45,13.4,53949.0,19.0,39.2,HR,0
38,9.6,45159.0,88.0,44.0,HR,0
28,4.4,25000.0,46.0,21.5,Marketing,0
22,0.0,25000.0,68.0,34.9,HR,0
56,23.8,70171.0,97.0,57.7,Marketing,0
53,26.0,83074.0,84.0,74.6,Marketing,1
57,11.7,50525.0,72.0,52.1,Sales,0
34,4.6,,30.0,21.6,Sales,0
27,3.6,25000.0,88.0,34.5,HR,0
35,7.3,28243.0,88.0,42.2,HR,0
58,19.5,59871.0,46.0,45.6,HR,0
36,5.4,25000.0,54.0,24.5,HR,0
25,1.8,25000.0,23.0,20.0,HR,0
37,5.6,25000.0,52.0,32.9,Sales,0
49,15.8,57050.0,94.0,63.3,HR,0
37,11.4,43919.0,93.0,40.9,HR,0
25,1.4,,42.0,30.1,Engineering,0
47,14.7,47359.0,12.0,38.1,Marketing,0
49,24.2,76915.0,96.0,78.2,Marketing,0
53,22.1,67915.0,53.0,57.8,Sales,0
23,0.8,25000.0,96.0,35.6,Marketing,0
52,16.5,49448.0,44.0,47.5,HR,0
24,1.5,25000.0,34.0,27.0,Marketing,0
29,2.3,25000.0,95.0,46.9,Sales,0
45,8.6,27583.0,17.0,26.6,Marketing,0
36,5.9,28624.0,71.0,34.1,Marketing,0
52,16.2,52719.0,27.0,34.7,Engineering,0
30,6.5,25000.0,37.0,21.2,Engineering,0
23,0.5,25000.0,84.0,26.3,HR,1
29,4.8,28017.0,21.0,21.8,Marketing,0
28,4.4,25000.0,73.0,35.9,HR,0
37,9.8,35278.0,11.0,25.7,Marketing,0
56,17.5,,68.0,60.3,HR,0
51,18.7,55484.0,46.0,47.9,HR,0
31,4.5,25000.0,13.0,20.0,Marketing,0
59,13.0,52594.0,50.0,45.5,Engineering,0
39,15.2,51167.0,54.0,47.3,Sales,0
26,1.5,25000.0,43.0,26.0,HR,0
50,9.6,40185.0,96.0,46.7,Sales,0
55,27.3,84239.0,22.0,56.7,Marketing,0
44,10.6,34848.0,16.0,24.3,HR,0
26,2.8,25000.0,41.0,36.2,Marketing,0
51,14.4,52337.0,32.0,47.4,HR,0
27,2.7,25000.0,58.0,20.9,Engineering,0
25,1.4,25000.0,81.0,21.0,HR,0
50,14.2,,56.0,43.2,HR,0
44,12.0,41753.0,46.0,41.5,HR,0
27,3.7,25000.0,57.0,25.5,Marketing,0
53,18.8,58935.0,38.0,52.0,Engineering,1
39,14.7,57465.0,46.0,47.8,Marketing,0
36,4.6,,32.0,22.3,Sales,0
53,18.7,62933.0,47.0,55.1,Engineering,0
30,5.2,25000.0,53.0,24.6,HR,0
58,30.7,94356.0,14.0,64.3,HR,0
31,3.0,25000.0,61.0,32.2,HR,1
41,12.2,40915.0,49.0,36.9,Sales,0
27,4.1,,20.0,30.2,Sales,0
24,0.9,25000.0,87.0,37.5,HR,0
32,8.3,36143.0,11.0,29.4,HR,0
38,5.0,25000.0,44.0,,Sales,0
53,22.9,83811.0,54.0,71.0,Marketing,0
25,2.6,25000.0,58.0,26.7,Engineering,0
25,2.1,25000.0,44.0,26.9,Engineering,0
38,9.0,38316.0,81.0,37.2,Sales,0
40,5.9,26484.0,41.0,31.1,Sales,0
26,3.4,25000.0,,33.5,Marketing,0
53,18.0,67421.0,80.0,70.9,HR,1
43,6.7,27470.0,48.0,39.9,Sales,0
27,3.6,25000.0,57.0,31.9,Marketing,0
56,20.0,68676.0,46.0,55.3,Sales,0
43,7.9,38364.0,69.0,34.6,HR,0
22,0.0,25000.0,90.0,39.2,Sales,0
41,6.4,28509.0,83.0,36.7,HR,0
43,13.5,43166.0,13.0,34.1,Marketing,0
32,6.7,31979.0,32.0,36.4,Engineering,0
34,7.2,28815.0,23.0,20.0,Marketing,0
24,1.6,25000.0,14.0,20.0,Engineering,0
30,6.5,25000.0,75.0,30.5,Marketing,0
33,7.4,33534.0,33.0,33.1,Engineering,0
44,6.8,28888.0,27.0,27.4,Marketing,0
35,9.3,38897.0,36.0,28.7,HR,0
54,17.6,57842.0,33.0,48.9,Engineering,0
39,10.9,42562.0,38.0,30.0,Engineering,0
30,5.5,,20.0,20.0,HR,0
44,11.2,36446.0,27.0,29.1,HR,0
31,7.7,28115.0,13.0,20.0,Engineering,0
40,6.8,25000.0,42.0,29.5,Engineering,0
26,2.8,25000.0,87.0,35.5,Engineering,0
44,6.7,25000.0,51.0,35.7,Sales,0
51,24.8,87288.0,41.0,65.2,Marketing,1
46,8.8,27970.0,60.0,30.0,HR,0
49,9.6,51629.0,13.0,43.1,HR,0
55,16.5,60321.0,29.0,45.6,Marketing,0
46,12.6,42706.0,94.0,54.7,HR,0
31,3.9,25000.0,76.0,34.6,HR,0
35,8.5,28527.0,98.0,26.9,Engineering,0
51,16.4,49252.0,77.0,54.1,HR,0
46,7.7,33445.0,71.0,41.1,Sales,0
35,6.4,30000.0,67.0,38.2,Sales,0
56,26.7,89942.0,56.0,61.6,Engineering,0
55,23.6,77989.0,84.0,65.5,Engineering,1
31,6.6,25000.0,89.0,31.5,HR,0
56,24.4,,68.0,65.9,Engineering,1
32,4.9,27665.0,15.0,30.2,Engineering,0
32,3.6,25000.0,49.0,26.4,Marketing,0
42,9.3,41904.0,86.0,45.0,Engineering,0
42,16.0,63524.0,32.0,51.5,Sales,0
43,18.7,56932.0,61.0,53.0,HR,0
28,3.6,25000.0,13.0,20.0,Engineering,0
38,4.9,25000.0,46.0,22.6,Marketing,0
23,0.4,25000.0,51.0,20.0,HR,0
33,5.4,26356.0,53.0,30.2,HR,0
39,11.0,31150.0,51.0,29.5,HR,0
32,3.5,25000.0,38.0,24.3,Marketing,0
37,13.0,40239.0,28.0,22.0,Sales,0
39,8.8,40494.0,93.0,44.0,Marketing,0
56,28.8,76015.0,41.0,64.5,Marketing,0
47,19.2,,53.0,57.8,HR,0
37,11.3,32885.0,64.0,38.3,Marketing,0
27,3.3,25000.0,89.0,27.8,HR,0
33,7.4,36795.0,14.0,33.6,Engineering,0
34,8.2,25000.0,55.0,31.3,Engineering,0
25,2.0,25000.0,85.0,33.1,Marketing,1
23,0.6,25000.0,54.0,20.0,Sales,0
47,22.3,71478.0,30.0,58.4,HR,0
48,19.2,65341.0,87.0,58.0,Marketing,0
48,19.9,66730.0,31.0,52.4,Marketing,0
36,11.5,43898.0,39.0,37.4,Sales,0
29,3.0,25000.0,32.0,30.8,HR,0
28,2.1,25000.0,14.0,20.0,Marketing,0
33,6.5,27197.0,72.0,32.5,Sales,0
34,7.3,29197.0,68.0,41.0,HR,0
38,12.8,46233.0,91.0,45.7,Engineering,0
38,9.1,27796.0,61.0,34.8,Sales,0
57,22.5,65583.0,74.0,57.5,Marketing,0
42,12.3,42745.0,48.0,,Engineering,0
29,2.3,25000.0,90.0,34.7,HR,1
26,2.7,,12.0,22.5,Sales,0
47,19.9,64726.0,,60.1,Engineering,0
37,5.9,25000.0,80.0,40.0,Engineering,0
57,23.0,70345.0,36.0,52.6,Marketing,0
49,17.7,61454.0,37.0,43.4,Engineering,0
50,11.2,46797.0,63.0,42.2,Marketing,1
33,4.1,25000.0,24.0,20.0,HR,0
58,32.0,104336.0,62.0,80.9,Marketing,1
51,15.6,56413.0,81.0,52.1,Sales,0
44,9.6,35992.0,79.0,43.4,Engineering,0
37,6.0,27838.0,13.0,20.0,HR,0
35,9.1,43432.0,26.0,30.5,Marketing,0
31,6.0,,43.0,23.7,Marketing,0
28,4.1,25000.0,15.0,25.6,Marketing,0
58,12.7,49056.0,45.0,36.1,HR,0
50,23.4,,48.0,60.2,HR,1
24,1.1,25000.0,89.0,33.8,Sales,0
36,6.8,28998.0,75.0,39.5,HR,0
57,20.2,77077.0,17.0,57.8,Marketing,0
40,9.6,34867.0,24.0,28.7,HR,0
34,9.8,26050.0,72.0,29.0,Marketing,0
42,17.2,56673.0,89.0,46.3,Sales,0
58,17.4,58694.0,74.0,55.2,Sales,0
48,21.3,,68.0,56.3,Marketing,0
50,21.5,65232.0,19.0,39.4,HR,0
41,16.3,51258.0,16.0,31.2,HR,0
46,10.7,46249.0,83.0,48.7,Engineering,0
27,3.2,25000.0,85.0,35.4,Sales,0
57,16.3,59599.0,90.0,52.8,Sales,0
23,0.8,25000.0,21.0,20.0,Marketing,0
43,6.4,28026.0,88.0,27.1,Engineering,0
53,19.8,64379.0,55.0,60.8,HR,0
37,7.6,33699.0,41.0,24.2,Marketing,0
39,8.4,35311.0,,34.5,HR,1
26,2.7,25000.0,99.0,36.3,HR,0
57,28.4,,87.0,82.0,HR,1
51,19.3,67061.0,99.0,60.5,Engineering,1
40,14.6,52091.0,70.0,49.0,Sales,0
44,10.1,36772.0,78.0,31.6,Sales,0
55,20.2,66430.0,70.0,48.6,HR,0
34,6.8,27144.0,55.0,32.1,Engineering,0
50,8.6,30312.0,,26.7,HR,0
57,22.2,70657.0,64.0,58.8,HR,0
43,14.6,56881.0,10.0,45.0,Marketing,0
57,22.9,79539.0,86.0,74.0,Engineering,0
30,5.9,25000.0,76.0,28.5,Engineering,0
40,11.6,40921.0,58.0,30.9,Sales,0
59,12.6,54057.0,34.0,45.4,Sales,0
27,1.8,25000.0,25.0,28.4,HR,0
36,9.2,37800.0,94.0,40.7,Marketing,0
41,8.8,36971.0,22.0,25.0,Marketing,0
30,2.8,25000.0,61.0,26.2,Marketing,0
53,17.3,58321.0,45.0,50.7,HR,0
25,1.9,25000.0,81.0,39.0,Sales,0
39,8.5,36411.0,53.0,28.7,Engineering,0
26,2.9,25000.0,92.0,27.6,HR,0
41,13.0,36561.0,56.0,47.3,Marketing,0
44,11.0,37972.0,89.0,42.2,Marketing,0
32,7.5,32611.0,85.0,40.0,HR,0
58,24.8,,,48.9,Marketing,0
43,14.3,43502.0,27.0,36.9,Engineering,0
25,1.9,25000.0,63.0,34.1,HR,0
50,8.6,43529.0,21.0,34.7,Engineering,0
55,23.7,80750.0,34.0,69.3,Sales,0
34,6.3,33458.0,69.0,34.5,Marketing,0
30,6.9,27289.0,84.0,33.7,Marketing,1
52,23.7,73804.0,95.0,69.4,Sales,1
28,3.9,25000.0,43.0,27.6,Sales,0
25,1.4,25000.0,22.0,22.2,Sales,0
40,7.6,26113.0,47.0,20.4,Marketing,0
51,14.6,46025.0,21.0,36.4,Sales,0
52,17.6,,45.0,50.5,HR,0
56,16.2,53127.0,37.0,39.9,Sales,0
42,12.2,48103.0,48.0,41.8,HR,0
52,12.0,46342.0,86.0,,HR,0
40,16.0,57509.0,52.0,43.1,Engineering,0
52,10.9,37323.0,40.0,20.0,HR,0
53,26.6,79272.0,11.0,63.8,HR,0
23,0.8,25000.0,91.0,37.6,Sales,0
31,5.5,25000.0,99.0,35.9,Marketing,0
23,0.7,25000.0,51.0,23.5,Sales,0
23,0.6,25000.0,,20.0,Engineering,0
45,15.6,,70.0,41.6,Engineering,0
38,8.1,26454.0,65.0,34.2,Marketing,0
53,14.9,56559.0,95.0,61.4,HR,0
37,9.7,37035.0,92.0,46.3,Engineering,0
37,9.0,34411.0,23.0,28.3,Marketing,0
52,19.4,74143.0,23.0,60.5,Sales,0
45,10.9,46626.0,38.0,37.0,Sales,0
22,0.0,25000.0,90.0,40.1,Sales,0
32,3.5,25000.0,59.0,26.5,HR,0
42,6.6,29398.0,59.0,27.0,HR,0
25,1.4,25000.0,72.0,26.0,Marketing,0
28,2.1,25000.0,82.0,27.7,Engineering,0
47,9.1,45382.0,74.0,48.4,Sales,0
33,8.7,31906.0,77.0,33.0,HR,0
52,9.7,33708.0,80.0,33.3,HR,0
38,11.1,34163.0,20.0,30.3,Engineering,0
54,14.8,64612.0,23.0,49.3,Sales,0
32,8.2,27999.0,92.0,41.9,Sales,0
49,16.0,44307.0,12.0,34.5,Engineering,0
53,15.0,50403.0,17.0,33.2,Marketing,0
22,0.0,,52.0,27.4,Marketing,0
49,14.3,55037.0,18.0,40.9,Engineering,0
28,3.8,25000.0,28.0,20.0,Engineering,0
23,0.4,25000.0,21.0,20.0,Marketing,0
45,20.7,,36.0,47.3,Engineering,0
25,1.7,25000.0,67.0,40.2,Sales,0
40,9.2,34653.0,34.0,27.8,Marketing,0
47,18.2,53312.0,54.0,52.5,Marketing,0
32,5.2,25000.0,57.0,25.7,Marketing,0
32,8.0,27261.0,59.0,34.4,Sales,1
24,1.1,25000.0,90.0,39.2,Engineering,0
33,8.0,,53.0,38.1,HR,0
24,0.7,25000.0,68.0,,HR,0
48,21.0,70799.0,42.0,62.5,Sales,0
23,0.7,25000.0,87.0,36.0,Sales,0
37,6.4,33934.0,37.0,38.6,Engineering,0
23,0.4,25000.0,27.0,20.0,HR,0
51,14.2,53535.0,64.0,,Marketing,0
41,16.8,60940.0,42.0,50.4,Sales,0
59,16.8,59777.0,24.0,40.0,HR,0
49,15.5,,70.0,50.0,Marketing,0
46,7.6,33804.0,20.0,20.0,Marketing,0
53,16.7,55873.0,45.0,43.0,Engineering,0
31,5.8,26821.0,24.0,20.0,Sales,0
54,27.9,86260.0,62.0,77.7,Marketing,1
34,7.3,30465.0,71.0,33.4,Sales,0
58,28.5,82629.0,57.0,77.3,HR,1
37,9.4,37141.0,24.0,33.6,HR,0
43,6.8,25000.0,72.0,33.3,Sales,0
41,9.3,40359.0,96.0,,Marketing,0
48,16.8,61216.0,52.0,46.0,Marketing,0
37,13.1,45590.0,59.0,44.8,HR,0
55,26.9,85300.0,69.0,70.3,Marketing,1
53,13.5,,68.0,39.3,Marketing,0
47,10.8,38084.0,24.0,22.6,HR,0
46,10.1,38975.0,38.0,28.8,Engineering,0
23,0.9,25000.0,84.0,42.6,HR,0
33,8.9,33297.0,91.0,51.5,Sales,1
30,6.1,25000.0,49.0,27.5,Engineering,0
33,5.9,25000.0,40.0,25.4,Sales,0
47,15.1,44660.0,82.0,44.5,Engineering,0
30,4.6,25000.0,95.0,31.0,Engineering,0
31,4.1,25879.0,20.0,28.1,HR,1
53,18.7,57533.0,90.0,65.7,HR,1
55,10.5,,71.0,43.0,Sales,0
41,7.2,31197.0,84.0,37.2,HR,0
23,0.8,,17.0,20.0,Engineering,0
22,0.0,25000.0,60.0,26.6,HR,0
57,19.4,68553.0,66.0,64.8,Sales,0
45,14.0,,13.0,27.0,Engineering,0
48,13.6,36728.0,45.0,35.8,Sales,0
23,0.7,25000.0,28.0,25.9,Marketing,1
52,23.1,68911.0,33.0,51.8,HR,0
35,9.9,36803.0,50.0,39.0,Engineering,0
23,0.7,25000.0,58.0,29.0,Sales,0
50,11.8,43138.0,91.0,53.0,HR,0
36,7.0,37078.0,55.0,28.1,HR,0
33,6.4,25000.0,45.0,23.9,Sales,0
58,17.9,51021.0,19.0,37.5,Engineering,0
49,20.3,66047.0,87.0,48.1,Sales,0
41,9.5,41996.0,,25.8,HR,0
45,8.8,36936.0,,24.8,Sales,0
42,10.8,37817.0,95.0,49.0,Marketing,0
31,8.0,30502.0,57.0,28.2,HR,0
35,5.7,33945.0,46.0,27.7,Engineering,0
58,24.0,73024.0,84.0,,Marketing,1
39,9.5,35604.0,45.0,24.6,Sales,0
45,7.9,36600.0,69.0,27.8,Engineering,0
35,7.7,31019.0,86.0,36.1,Marketing,0
55,23.8,74761.0,17.0,46.0,Sales,0
33,6.7,25000.0,16.0,20.0,Marketing,0
43,17.3,54724.0,52.0,49.7,HR,0
27,2.4,25000.0,67.0,34.4,Engineering,0
57,12.3,50219.0,90.0,55.4,Marketing,0
57,30.2,103074.0,95.0,93.3,HR,0
43,11.1,32966.0,55.0,39.2,Sales,0
35,8.4,40290.0,43.0,24.8,HR,0
37,11.6,39078.0,93.0,46.9,Sales,0
57,17.3,59897.0,81.0,,Engineering,0
46,17.5,,31.0,43.7,HR,0
53,11.8,49662.0,30.0,41.9,HR,0
54,15.2,59983.0,24.0,36.1,Sales,0
57,13.5,57724.0,14.0,32.5,Marketing,0
41,14.9,49351.0,26.0,41.3,Sales,0
39,7.4,37138.0,81.0,43.4,Marketing,0
59,27.0,82054.0,28.0,61.0,Sales,0
24,1.7,25000.0,14.0,20.0,Engineering,0
44,13.6,46290.0,32.0,41.0,Marketing,0
53,19.3,61517.0,92.0,62.8,HR,0
37,8.6,32899.0,23.0,27.0,Marketing,0
26,2.0,25000.0,19.0,20.0,Sales,0
25,1.8,25000.0,40.0,22.5,Sales,0
42,13.2,42534.0,22.0,36.9,Marketing,0
35,11.6,36022.0,31.0,,HR,0
52,25.9,76073.0,46.0,58.3,Engineering,0
35,10.6,37444.0,48.0,33.3,HR,0
27,4.2,25000.0,19.0,20.0,Marketing,0
33,6.4,25000.0,40.0,26.0,Sales,0
37,10.4,34806.0,52.0,30.7,HR,0
38,13.4,50177.0,86.0,36.2,Sales,0
44,11.8,42039.0,45.0,43.0,Sales,0
35,11.4,44029.0,44.0,47.1,HR,0
28,3.3,25000.0,77.0,29.0,Marketing,0
53,20.5,64779.0,64.0,50.7,HR,0
36,10.2,34134.0,77.0,37.5,Engineering,0
38,13.9,40320.0,56.0,37.1,Sales,0
55,14.7,65266.0,15.0,51.5,Sales,0
26,3.0,25000.0,37.0,24.3,Marketing,0
48,15.9,57169.0,39.0,41.9,Sales,0
44,10.1,31933.0,36.0,21.9,Sales,0
35,10.0,33242.0,78.0,42.1,Sales,0
36,8.8,,48.0,,HR,0
54,22.3,72588.0,44.0,,Sales,0
52,14.8,47963.0,53.0,37.7,HR,0
56,20.0,63449.0,24.0,56.3,Marketing,0
38,10.7,33644.0,92.0,32.1,Engineering,0
49,14.7,50251.0,41.0,45.2,Sales,0
40,7.5,31107.0,38.0,20.0,Engineering,0
44,19.3,60384.0,72.0,50.7,HR,0
53,18.8,70565.0,15.0,57.8,Marketing,0
34,8.9,36506.0,99.0,48.3,Marketing,0
41,10.4,34385.0,36.0,27.4,HR,0
56,17.4,61928.0,37.0,46.1,Engineering,0
26,2.2,25000.0,14.0,20.0,Sales,0
30,4.4,25000.0,50.0,29.2,HR,0
50,17.5,61146.0,65.0,60.0,HR,0
27,3.1,25000.0,63.0,27.0,HR,0
46,14.4,46863.0,89.0,41.0,HR,0
52,11.4,38576.0,27.0,31.9,HR,0
43,12.6,44839.0,86.0,44.8,Marketing,0
23,0.4,25000.0,52.0,20.6,HR,0
26,1.5,,98.0,37.8,Marketing,0
48,22.3,74233.0,83.0,65.0,Engineering,1
46,15.9,56746.0,38.0,47.0,Sales,0
29,4.9,25000.0,19.0,20.0,Marketing,1
22,0.0,25000.0,15.0,22.1,Sales,0
41,16.1,58354.0,89.0,50.1,Sales,0
44,15.0,61038.0,98.0,56.2,Sales,0
53,23.6,83459.0,13.0,57.0,Marketing,0
32,5.2,25000.0,43.0,34.0,Marketing,0
45,20.1,68375.0,92.0,67.9,Marketing,1
32,7.9,33748.0,42.0,36.3,Engineering,0
50,22.7,70008.0,13.0,56.4,Marketing,0
47,10.1,41625.0,53.0,56.4,Engineering,0
37,6.9,25000.0,85.0,33.9,Marketing,0
56,16.0,47273.0,40.0,46.6,Marketing,0
41,8.8,,89.0,,Sales,0
24,1.6,25000.0,75.0,36.6,HR,0
22,0.0,25000.0,67.0,38.9,Sales,0
22,0.0,,69.0,28.4,Marketing,0
38,7.4,,11.0,25.4,HR,0
23,0.4,25000.0,45.0,27.3,HR,0
50,12.3,37758.0,79.0,40.1,Engineering,0
41,14.8,48440.0,69.0,47.7,HR,0
27,3.2,25000.0,32.0,30.9,Engineering,0
29,2.1,25000.0,56.0,25.5,Sales,0
50,15.6,53847.0,55.0,45.4,Engineering,0
54,17.4,55285.0,89.0,55.5,Marketing,0
24,0.7,25000.0,53.0,,HR,0
56,24.0,77087.0,28.0,47.4,Marketing,0
26,2.9,25000.0,58.0,25.4,HR,0
48,19.0,60634.0,97.0,63.3,HR,0
33,8.1,38243.0,67.0,46.1,Sales,0
41,5.7,31106.0,16.0,20.0,Engineering,0
41,16.6,52988.0,50.0,39.5,Sales,0
30,6.3,25000.0,87.0,34.2,Engineering,0
25,2.5,25000.0,24.0,20.0,Sales,0
40,5.6,25000.0,85.0,31.4,Sales,0
59,31.8,99736.0,62.0,70.2,HR,1
48,20.4,69183.0,32.0,59.4,Sales,0
34,9.6,30572.0,86.0,33.7,Sales,0
34,4.3,25000.0,82.0,41.3,Engineering,0
43,15.6,47357.0,97.0,56.5,Sales,0
49,23.7,70891.0,74.0,58.8,HR,0
43,14.8,42652.0,69.0,36.9,Sales,0
40,11.6,33603.0,19.0,25.2,Marketing,0
29,6.1,25000.0,67.0,29.5,Marketing,0
29,4.0,25000.0,56.0,29.6,Engineering,1
47,16.5,50380.0,24.0,34.5,Engineering,0
47,14.6,58090.0,18.0,46.1,Marketing,0
44,18.9,55788.0,22.0,42.9,Sales,0
34,4.1,25000.0,32.0,21.4,Sales,0
49,16.2,61801.0,42.0,46.0,Engineering,0
30,5.7,25000.0,18.0,20.0,HR,0
41,14.7,47230.0,12.0,29.8,Sales,0
40,11.7,41985.0,82.0,44.7,Marketing,1
33,9.3,30341.0,34.0,27.5,HR,0
36,12.1,36046.0,97.0,44.7,HR,1
52,10.2,44164.0,80.0,54.3,Sales,0
35,7.0,25084.0,45.0,25.1,HR,0
32,3.1,25000.0,98.0,41.3,Engineering,0
47,12.4,49081.0,29.0,39.7,HR,0
48,16.2,55732.0,90.0,54.0,Engineering,0
32,8.5,35704.0,63.0,35.8,Sales,0
59,29.9,89730.0,99.0,,HR,1
55,12.4,51419.0,28.0,41.3,Marketing,0
40,6.4,31893.0,69.0,30.3,Marketing,0
27,3.3,,46.0,20.0,Engineering,0
59,22.9,72801.0,12.0,54.2,Engineering,0
49,12.4,47345.0,95.0,55.1,Sales,1
22,0.0,25000.0,28.0,,HR,0
56,29.1,88389.0,62.0,72.1,Engineering,0
29,3.8,25000.0,55.0,31.5,Engineering,0
28,5.0,26792.0,89.0,39.2,Sales,0
32,5.3,25000.0,,33.6,HR,0
25,2.2,25000.0,79.0,28.2,HR,0
46,14.1,56423.0,40.0,40.1,Engineering,0
33,4.1,25000.0,62.0,27.1,HR,0
47,21.4,67412.0,43.0,,HR,0
59,21.2,69551.0,40.0,53.2,HR,0
33,8.1,25338.0,69.0,21.3,Marketing,0
58,18.7,54557.0,20.0,49.0,HR,0
45,7.2,25000.0,15.0,20.0,Marketing,0
37,5.4,25122.0,36.0,24.8,HR,0
34,7.2,,16.0,26.4,HR,0
46,17.1,52541.0,58.0,34.9,HR,0
25,1.5,25000.0,81.0,30.3,Engineering,0
